type,phrase,context,position,comment_id,stakeholder,comment_type,term,citation,section
guidance,draft guidance ,The terminology used in the draft guidance is in my view not sufficiently descriptive of the challenges facing the use of HCT/Ps.<br/><br/>Ther...,28,FDA-2015-D-3719-0004,unknown,technical_document,,,
technical_term,,...n my view not sufficiently descriptive of the challenges facing the use of HCT/Ps.<br/><br/>There is also the question of the use of autologous cells vs. a...,122,FDA-2015-D-3719-0004,unknown,technical_document,HCT/P,,
CFR,,"...t to accurately evaluate the benefit:risk profile of stem cell treatments. Because procedures under 21 CFR part 1271 (CGTP) do not qualify as studies, treatment outcomes of these interventions are never made availabl...",1758,FDA-2015-D-3719-0003,unknown,technical_document,,21 CFR part 1271,1271
CFR,,"...ventions are never made available to the public. <br/>Interventions offered by establishments under 21 CFR part 1271 (CGTP) rely on studies that have already been done and published, as well as their own empirical ex...",1942,FDA-2015-D-3719-0003,unknown,technical_document,,21 CFR part 1271,1271
CFR,,"...suggesting creation of a registry into which information on stem cell interventions conducted under 21 CFR part 1271 would be reported. To make such undertaking worthwhile, the anonymized dataset would have to includ...",2487,FDA-2015-D-3719-0003,unknown,technical_document,,21 CFR part 1271,1271
CFR,,"...o accurately evaluate the benefit:risk profile of stem cell treatments. Because procedures under 21 CFR part 1271 (CGTP) do not qualify as studies, treatment outcomes of these interventions are never made availabl...",1761,FDA-2015-D-3719-0003,unknown,technical_document,,CFR part 1271,1271
CFR,,"...tions are never made available to the public. <br/>Interventions offered by establishments under 21 CFR part 1271 (CGTP) rely on studies that have already been done and published, as well as their own empirical ex...",1945,FDA-2015-D-3719-0003,unknown,technical_document,,CFR part 1271,1271
CFR,,"...gesting creation of a registry into which information on stem cell interventions conducted under 21 CFR part 1271 would be reported. To make such undertaking worthwhile, the anonymized dataset would have to includ...",2490,FDA-2015-D-3719-0003,unknown,technical_document,,CFR part 1271,1271
CFR,,"...curately evaluate the benefit:risk profile of stem cell treatments. Because procedures under 21 CFR part 1271 (CGTP) do not qualify as studies, treatment outcomes of these interventions are never made availabl...",1765,FDA-2015-D-3719-0003,unknown,technical_document,,part 1271,
CFR,,"...s are never made available to the public. <br/>Interventions offered by establishments under 21 CFR part 1271 (CGTP) rely on studies that have already been done and published, as well as their own empirical ex...",1949,FDA-2015-D-3719-0003,unknown,technical_document,,part 1271,
CFR,,"...ing creation of a registry into which information on stem cell interventions conducted under 21 CFR part 1271 would be reported. To make such undertaking worthwhile, the anonymized dataset would have to includ...",2494,FDA-2015-D-3719-0003,unknown,technical_document,,part 1271,
guidance,draft guidance ,"...s, Tissues, or Cellular or Tissue-Based Products&quot; <br/><br/>I wish to comment on the concerned draft guidance and propose introduction of certain measures that would facilitate informed decision-making by stake...",178,FDA-2015-D-3719-0003,unknown,technical_document,,,
technical_term,,"...nproven Interventions in Clinical Practice:<br/>37. In the treatment of an individual patient, where proven interventions do not exist or other known int...",807,FDA-2015-D-3719-0003,unknown,technical_document,IND,,
technical_term,,"...s themselves. Patients are making decisions based on information they can find in public domain. Currently, it is very difficult to accurately evaluate t...",1606,FDA-2015-D-3719-0003,unknown,technical_document,IND,,
technical_term,,"...such undertaking worthwhile, the anonymized dataset would have to include indication, type of treatment, and treatment outcome. Not only this would grea...",2605,FDA-2015-D-3719-0003,unknown,technical_document,IND,,
technical_term,,...nd seemed to have helped her memory until the cells<br/> attacked her gall bladder in an effort to repair it. Have had the gallbladder removed<br/> and...,189,FDA-2015-D-3719-0006,unknown,personal_narrative,BLA,,
technical_term,,...r/> attacked her gall bladder in an effort to repair it. Have had the gallbladder removed<br/> and I&#39;m confident enough that this helped her that I&...,242,FDA-2015-D-3719-0006,unknown,personal_narrative,BLA,,
technical_term,,"...vomiting and when she did start back,<br/> I assume it was due to her gallbladder being bad. This procedure raised her kidney<br/> level within just a f...",572,FDA-2015-D-3719-0006,unknown,personal_narrative,BLA,,
technical_term,,...blood in case an infusion was necessary. The hospital did not require an IND to use blood products for this. What is the difference between the two?...,2187,FDA-2015-D-3719-0007,unknown,personal_narrative,IND,,
technical_term,,"...own my disease to be progressing. The clinical trial drug is a double blind so I deducted that either I was receiving the placebo, or the drug was no...",3562,FDA-2015-D-3719-0007,unknown,personal_narrative,IND,,
technical_term,,...ld this possibly be considered a New Investigational Drug (NID) ? Every individual I spoke to that received this therapy was well informed and had c...,4059,FDA-2015-D-3719-0007,unknown,personal_narrative,IND,,
technical_term,,"..., my blood, and my decision. How could this possibly be considered a New Investigational Drug (NID) ? Every individual I spoke to that received this therapy was...",4022,FDA-2015-D-3719-0007,unknown,personal_narrative,investigational,,
technical_term,,...nities that I have had. The FDA has it’s hands full with regulating new investigational drugs. Their efforts are greatly appreciated by the general public. S...,4918,FDA-2015-D-3719-0007,unknown,personal_narrative,investigational,,
technical_term,,"...road blocks in our way. I am all too aware of the fraud, and unscrupulous individuals who reside in our society, however, one must do their research. As...",2224,FDA-2015-D-3719-0009,unknown,personal_narrative,IND,,
technical_term,,"...market, i.e., Propulsid. I have also been rejected from the FDA/NIH backed clinical trial for islet cell transplant. That has not left me with a lot of options. <br...",340,FDA-2015-D-3719-0009,unknown,personal_narrative,clinical trial,,
technical_term,,"...had the stem cell therapy I found improvement in my energy level, better bladder control and felt stronger. But, with that being said I hit a wall afte...",162,FDA-2015-D-3719-0010,unknown,personal_narrative,BLA,,
technical_term,,"...la California which literally saved my life. I work in the pharmaceutical industry (biologics) and I am a very big supporter of them. However, they do...",1251,FDA-2015-D-3719-0011,unknown,personal_narrative,IND,,
technical_term,,...ne and I believe StemCell Therapy as a first line option is key to healing individuals such as myself and for the future of medicine. The cost of one tr...,1423,FDA-2015-D-3719-0011,unknown,personal_narrative,IND,,
technical_term,,...option but encourage an open this option for insurances to pay for it for individuals! Thank you for considering this and I am happy to answer any ques...,2394,FDA-2015-D-3719-0011,unknown,personal_narrative,IND,,
technical_term,,"...wanted treatment in the US using adipose tissue, even though my research indicated that the best results were coming from fetal or Placentia stem cells...",392,FDA-2015-D-3719-0012,unknown,personal_narrative,IND,,
technical_term,,"..., and although I paid for the treatment out of pocket, the whole insurance industry, not to mention the patients, would benefit from not having to pay th...",824,FDA-2015-D-3719-0015,unknown,personal_narrative,IND,,
technical_term,,...the energy to move across country 6 months later and helped my walking. I find it deplorable that I could not have my own stem cells frozen for continued...,161,FDA-2015-D-3719-0017,unknown,personal_narrative,IND,,
technical_term,,"...<br/>I have gone from not being able to roll over in bed, have problematic bladder issues, and difficulties in lifting my right leg.<br/>All of the above...",453,FDA-2015-D-3719-0022,unknown,personal_narrative,BLA,,
technical_term,,"...ed, and feeling horrible every hour of the day.<br/>I was lucky enough to find StemGenex, and had the treatment here in the United States. My own stem ce...",1596,FDA-2015-D-3719-0021,unknown,personal_narrative,IND,,
PHSA,,"...d for implantation, transplantation, or transfer into a human. HCT/Ps are currently regulated under Section 361 of the Public Health Service Act, originally intended to prevent the spread of diseases from foreign countries. The Public Health Se...",1238,FDA-2015-D-3719-0025,unknown,personal_narrative,,Section 361 of the Public Health Service Act,361
guidance,minimal manipulation,"...ain the criteria of the HCT/Ps to be regulated including the same-surgical-procedure exception, the minimal manipulation of HCT/PS, HCT/Ps from Adipose tissue and the homologous use of 4HCT/Ps. Based on the comments re...",2419,FDA-2015-D-3719-0025,unknown,personal_narrative,,,
guidance,homologous use,"...CT/Ps are regulated if they meet certain criteria. If they are: minimally manipulated, intended for homologous use, 1there is no combination of cells or tissue with another article (except water, crystalloids, or a...",1599,FDA-2015-D-3719-0025,unknown,personal_narrative,,,
guidance,homologous use,"...lls or tissue with another article (except water, crystalloids, or a For HCT/Ps to be intended for homologous use, they need to be repurposed for the same 1function that they originally existed. sterilizing or pr...",1745,FDA-2015-D-3719-0025,unknown,personal_narrative,,,
guidance,homologous use,"...urgical-procedure exception, the minimal manipulation of HCT/PS, HCT/Ps from Adipose tissue and the homologous use of 4HCT/Ps. Based on the comments received on this proposed regulation, this regulation will hurt...",2486,FDA-2015-D-3719-0025,unknown,personal_narrative,,,
technical_term,,"...egulation of human cells, tissues, and cellular and tissue based products (HCT/Ps) to prevent the introduction, transmission, and spread of communicable di...",149,FDA-2015-D-3719-0025,unknown,personal_narrative,HCT/P,,
technical_term,,...o identify and discuss the scientific considerations and the challenges of HCT/Ps in the market (regulations.gov). HCT/Ps are articles consisting of huma...,1023,FDA-2015-D-3719-0025,unknown,personal_narrative,HCT/P,,
technical_term,,...iderations and the challenges of HCT/Ps in the market (regulations.gov). HCT/Ps are articles consisting of human cells or tissues that are intended for i...,1065,FDA-2015-D-3719-0025,unknown,personal_narrative,HCT/P,,
technical_term,,"...are intended for implantation, transplantation, or transfer into a human. HCT/Ps are currently regulated under Section 361 of the Public Health Service Ac...",1201,FDA-2015-D-3719-0025,unknown,personal_narrative,HCT/P,,
technical_term,,...’s authority to quarantine individuals with harmful communicable diseases. HCT/Ps are regulated if they meet certain criteria. If they are: minimally manip...,1498,FDA-2015-D-3719-0025,unknown,personal_narrative,HCT/P,,
technical_term,,"...ells or tissue with another article (except water, crystalloids, or a For HCT/Ps to be intended for homologous use, they need to be repurposed for the sam...",1719,FDA-2015-D-3719-0025,unknown,personal_narrative,HCT/P,,
technical_term,,"...of living cells and are used autologous-ly, they are under regulation. If HCT/Ps don’t follow 3under these criterion, they are regulated as a drug, device...",2112,FDA-2015-D-3719-0025,unknown,personal_narrative,HCT/P,,
technical_term,,"...FDA has issued four draft guidances to further explain the criteria of the HCT/Ps to be regulated including the same-surgical-procedure exception, the mini...",2343,FDA-2015-D-3719-0025,unknown,personal_narrative,HCT/P,,
technical_term,,"...cluding the same-surgical-procedure exception, the minimal manipulation of HCT/PS, HCT/Ps from Adipose tissue and the homologous use of 4HCT/Ps. Based on...",2443,FDA-2015-D-3719-0025,unknown,personal_narrative,HCT/P,,
technical_term,,"...the same-surgical-procedure exception, the minimal manipulation of HCT/PS, HCT/Ps from Adipose tissue and the homologous use of 4HCT/Ps. Based on the com...",2451,FDA-2015-D-3719-0025,unknown,personal_narrative,HCT/P,,
technical_term,,"...ipulation of HCT/PS, HCT/Ps from Adipose tissue and the homologous use of 4HCT/Ps. Based on the comments received on this proposed regulation, this regul...",2505,FDA-2015-D-3719-0025,unknown,personal_narrative,HCT/P,,
technical_term,,"...em cells for future rehabilitation, why shouldn’t they be allowed to? For HCT/Ps to be systemic, they depend on the rest of the body’s functions to surviv...",3332,FDA-2015-D-3719-0025,unknown,personal_narrative,HCT/P,,
technical_term,,"...rest of the body’s functions to survive and 2function. To be non-systemic, HCT/Ps do not depend on the function of anything else to survive and function....",3449,FDA-2015-D-3719-0025,unknown,personal_narrative,HCT/P,,
technical_term,,"...not depend on the function of anything else to survive and function. For HCT/Ps to be considered for autologous purposes, they can only be reused in the...",3533,FDA-2015-D-3719-0025,unknown,personal_narrative,HCT/P,,
technical_term,,"...purposes, they can only be reused in the same 3body they were taken from. HCT/Ps from Adipose tissue are tissues used for storage or fat. 4 Stem cell res...",3646,FDA-2015-D-3719-0025,unknown,personal_narrative,HCT/P,,
technical_term,,"...y the ability to develop and assess the risks of its practices. The use of HCT/Ps has the ability to provide many temporary to permanent relief, and a retu...",16433,FDA-2015-D-3719-0025,unknown,personal_narrative,HCT/P,,
technical_term,,...ment infringes on personal rights and freedoms. People that have undergone HCT/P related procedures have been fully consenting and aware that the potential...,17033,FDA-2015-D-3719-0025,unknown,personal_narrative,HCT/P,,
technical_term,,...ns infringe on human rights and stall innovation in the stem cell research industry. Additional time has been given from the original proposed date of th...,336,FDA-2015-D-3719-0025,unknown,personal_narrative,IND,,
technical_term,,...alth Service Act also established the government’s authority to quarantine individuals with harmful communicable diseases. HCT/Ps are regulated if they m...,1450,FDA-2015-D-3719-0025,unknown,personal_narrative,IND,,
technical_term,,"...e cosmetic names. By regulating this potentially revolutionary and helpful industry, the FDA will most likely be making a Type II error, by regulating st...",4932,FDA-2015-D-3719-0025,unknown,personal_narrative,IND,,
technical_term,,"...mer by informing them, conducting tests, surveys, and scientific research, industry professionals would strive to use the best medical science. Instead,...",6387,FDA-2015-D-3719-0025,unknown,personal_narrative,IND,,
technical_term,,"...reach to the public, the adverse effects are far greater than allowing the industry to first innovate and then determine which regulations are appropriat...",6748,FDA-2015-D-3719-0025,unknown,personal_narrative,IND,,
technical_term,,"...FDA could play an important role in the improvement and innovation of the industry, that could potentially save many peoples lives that struggle from di...",7267,FDA-2015-D-3719-0025,unknown,personal_narrative,IND,,
technical_term,,"...l. Currently, the possibilities of stem cell use are infinite. People are finding hundreds of ways to use their own stem cells, others’, or freezing thei...",7948,FDA-2015-D-3719-0025,unknown,personal_narrative,IND,,
technical_term,,"...to the maximum extent possible…” (103, Thierer). It is known, across all industries and practices, that problems are bound to happen while innovation i...",9206,FDA-2015-D-3719-0025,unknown,personal_narrative,IND,,
technical_term,,"...t if” concerns and taking too many precautions, the FDA needs to allow the industry to develop and grow in order to make the correct decisions for everyo...",9419,FDA-2015-D-3719-0025,unknown,personal_narrative,IND,,
technical_term,,"...lop and grow in order to make the correct decisions for everyone. If every industry was regulated based off of this approach, innovation would not move f...",9510,FDA-2015-D-3719-0025,unknown,personal_narrative,IND,,
technical_term,,"...make it fair for all. And, if groups involved stem cell research and other industries all work together, they can truly better the options available to p...",9862,FDA-2015-D-3719-0025,unknown,personal_narrative,IND,,
technical_term,,"...r the options available to people while maximizing potential innovation in industries. In George Stigler’s Theory of Economic Regulation, he states tha...",9987,FDA-2015-D-3719-0025,unknown,personal_narrative,IND,,
technical_term,,"...s able to regulate the market, they have the power to help or hurt certain industries. In this case, it is possible that the FDA is helping the pharmaceu...",10166,FDA-2015-D-3719-0025,unknown,personal_narrative,IND,,
technical_term,,"...s. In this case, it is possible that the FDA is helping the pharmaceutical industry and hurting the biomedical research industry, which affects the publi...",10250,FDA-2015-D-3719-0025,unknown,personal_narrative,IND,,
technical_term,,"...is helping the pharmaceutical industry and hurting the biomedical research industry, which affects the public as a whole. While the government can mandat...",10295,FDA-2015-D-3719-0025,unknown,personal_narrative,IND,,
technical_term,,"...t can mandate regulations, sometimes regulations are sought out in certain industries (3, Stigler). The pharmaceutical industry could be seeking regulati...",10436,FDA-2015-D-3719-0025,unknown,personal_narrative,IND,,
technical_term,,"...ions are sought out in certain industries (3, Stigler). The pharmaceutical industry could be seeking regulation to prevent the development of stem cell r...",10480,FDA-2015-D-3719-0025,unknown,personal_narrative,IND,,
technical_term,,"...eking regulation to prevent the development of stem cell research. When an industry, like pharmaceuticals, receives power from a regulation of the of oth...",10575,FDA-2015-D-3719-0025,unknown,personal_narrative,IND,,
technical_term,,"...the of others, the costs of the community outweigh the benefits to the one industry (10, Stigler). The industry benefits more than the people the regulat...",10718,FDA-2015-D-3719-0025,unknown,personal_narrative,IND,,
technical_term,,"...the community outweigh the benefits to the one industry (10, Stigler). The industry benefits more than the people the regulation affects because the poli...",10746,FDA-2015-D-3719-0025,unknown,personal_narrative,IND,,
technical_term,,"...d a better quality of life, is prolonged by Big Pharma. The pharmaceutical industry would lose many customers and profits if stem cell research was allow...",11046,FDA-2015-D-3719-0025,unknown,personal_narrative,IND,,
technical_term,,...ny customers and profits if stem cell research was allowed to continue to find cures for conditions and diseases that require billions of dollars for med...,11143,FDA-2015-D-3719-0025,unknown,personal_narrative,IND,,
technical_term,,"...year. As a governing agency, the FDA should have the best interest of the individual in mind, unfortunately, it is not the case when large amounts of mo...",11310,FDA-2015-D-3719-0025,unknown,personal_narrative,IND,,
technical_term,,"...erning agency, the FDA should have the best interest of the individual in mind, unfortunately, it is not the case when large amounts of money and pressur...",11325,FDA-2015-D-3719-0025,unknown,personal_narrative,IND,,
technical_term,,...the case when large amounts of money and pressure from the pharmaceutical industry are present. The FDA should be promoting the passionate and educated...,11429,FDA-2015-D-3719-0025,unknown,personal_narrative,IND,,
technical_term,,...lity to persuade and guide these regulations through their trillion dollar industry and delay the discoveries of the possible uses of stem cell treatmen...,11741,FDA-2015-D-3719-0025,unknown,personal_narrative,IND,,
technical_term,,...re successful and not continue its ever-changing cycle. The pharmaceutical industry wants to maintain the time in the market where their profit margins w...,12010,FDA-2015-D-3719-0025,unknown,personal_narrative,IND,,
technical_term,,"...ling argument about the regulations of the FDA, and how the pharmaceutical industry can benefit from regulations: “Dear FDA and all others who are in ch...",12313,FDA-2015-D-3719-0025,unknown,personal_narrative,IND,,
technical_term,,"...ptions people have to possibly help them is to buy into the pharmaceutical industry. Drugs are prescribed that only alleviate some pain but don’t cure, o...",13219,FDA-2015-D-3719-0025,unknown,personal_narrative,IND,,
technical_term,,...have a enjoyable life. If the FDA is being persuaded by the pharmaceutical industry to instill regulations on innovative stem cell research they are doin...,13917,FDA-2015-D-3719-0025,unknown,personal_narrative,IND,,
technical_term,,"...rests of the population is hurting the potential of the stem cell research industry. While the FDA can be persuaded by powerful interests, their abilit...",14559,FDA-2015-D-3719-0025,unknown,personal_narrative,IND,,
technical_term,,"...of caution because the government has taken on the risk of regulating this industry, and by doing so, they assume incredible liability for their decision...",15443,FDA-2015-D-3719-0025,unknown,personal_narrative,IND,,
technical_term,,...to reconsider passing this regulation and allowing the stem cell research industry the ability to develop and assess the risks of its practices. The use...,16351,FDA-2015-D-3719-0025,unknown,personal_narrative,IND,,
technical_term,,...allowed to. It is unfair for the FDA to provide regulations before this industry has had the time to develop and research on the costs and benefits of...,17287,FDA-2015-D-3719-0025,unknown,personal_narrative,IND,,
technical_term,,...’t allowed to have access to the treatments they need in the US they will find it elsewhere. By imposing this regulation it is having the opposite affect...,17739,FDA-2015-D-3719-0025,unknown,personal_narrative,IND,,
technical_term,,"...y will be forced to undergo unsafe and unregulated practices in the US or find it outside the borders. If people find their treatments elsewhere, it crea...",17920,FDA-2015-D-3719-0025,unknown,personal_narrative,IND,,
technical_term,,"...unregulated practices in the US or find it outside the borders. If people find their treatments elsewhere, it creates more danger for the spread of forei...",17959,FDA-2015-D-3719-0025,unknown,personal_narrative,IND,,
technical_term,,"...e better off. Because the patients seeking these treatments are consenting individuals, they would benefit from innovation in the industry and the availa...",18325,FDA-2015-D-3719-0025,unknown,personal_narrative,IND,,
technical_term,,"...ents are consenting individuals, they would benefit from innovation in the industry and the availability of studies, research, and available information...",18380,FDA-2015-D-3719-0025,unknown,personal_narrative,IND,,
technical_term,,"...ent in this field will incentive researchers and medical professionals to find the cures and options for those seeking them. Sources ReferencedFriedman,...",18573,FDA-2015-D-3719-0025,unknown,personal_narrative,IND,,
CFR,,"...g-left: 30px'></span>How could bone marrow be regulated solely under section 361 of the PHS Act and 21 CFR Part 1271?<br/>Indeed, to this end, it has to meet all of the criteria of 21 CFR 1271.10(a) (including to be...",3362,FDA-2015-D-3719-0026,unknown,technical_document,,21 CFR Part 1271,1271
CFR,,"...of the PHS Act and 21 CFR Part 1271?<br/>Indeed, to this end, it has to meet all of the criteria of 21 CFR 1271.10(a) (including to be &quot;minimally manipulated&quot;, to be &quot;intended for homologous use only...",3443,FDA-2015-D-3719-0026,unknown,technical_document,,21 CFR 1271.10,1271.10
CFR,,"...one marrow for homologous use and not combined with another article&quot; is not considered HCT/P. (21 CFR 1271.3(d) (4))<br/>-<span style='padding-left: 30px'></span>Moreover, an example is given of a non- homolo...",3827,FDA-2015-D-3719-0026,unknown,technical_document,,21 CFR 1271.3,1271.3
CFR,,"...eft: 30px'></span>How could bone marrow be regulated solely under section 361 of the PHS Act and 21 CFR Part 1271?<br/>Indeed, to this end, it has to meet all of the criteria of 21 CFR 1271.10(a) (including to be...",3365,FDA-2015-D-3719-0026,unknown,technical_document,,CFR Part 1271,1271
CFR,,"...the PHS Act and 21 CFR Part 1271?<br/>Indeed, to this end, it has to meet all of the criteria of 21 CFR 1271.10(a) (including to be &quot;minimally manipulated&quot;, to be &quot;intended for homologous use only...",3446,FDA-2015-D-3719-0026,unknown,technical_document,,CFR 1271.10,1271.10
CFR,,"...marrow for homologous use and not combined with another article&quot; is not considered HCT/P. (21 CFR 1271.3(d) (4))<br/>-<span style='padding-left: 30px'></span>Moreover, an example is given of a non- homolo...",3830,FDA-2015-D-3719-0026,unknown,technical_document,,CFR 1271.3,1271.3
CFR,,"...30px'></span>How could bone marrow be regulated solely under section 361 of the PHS Act and 21 CFR Part 1271?<br/>Indeed, to this end, it has to meet all of the criteria of 21 CFR 1271.10(a) (including to be...",3369,FDA-2015-D-3719-0026,unknown,technical_document,,Part 1271,
PHSA,,"...?<br/><br/>-<span style='padding-left: 30px'></span>How could bone marrow be regulated solely under section 361 of the PHS Act and 21 CFR Part 1271?<br/>Indeed, to this end, it has to meet all of the criteria of 21 CFR 127...",3331,FDA-2015-D-3719-0026,unknown,technical_document,,section 361 of the PHS,361
guidance,guidance ,...><br/><span style='padding-left: 30px'></span>Homologous use<br/><br/>Could you please clarify your guidance regarding bone marrow?<br/><br/>-<span style='padding-left: 30px'></span>How could bone marrow be re...,3201,FDA-2015-D-3719-0026,unknown,technical_document,,,
guidance,minimal manipulation,...contribute to this consultation.<br/><br/>COMMENTS<br/><br/><span style='padding-left: 30px'></span>Minimal manipulation<br/><br/>-<span style='padding-left: 30px'></span>The FDA needs to clarify whether and if so at wha...,2617,FDA-2015-D-3719-0026,unknown,technical_document,,,
guidance,minimal manipulation,...oping bio-processing technologies as near-to-patient medical devices that are proposed as involving minimal manipulations.<br/><br/><span style='padding-left: 30px'></span>Homologous use<br/><br/>Could you please clarify...,3075,FDA-2015-D-3719-0026,unknown,technical_document,,,
guidance,homologous use,...t are proposed as involving minimal manipulations.<br/><br/><span style='padding-left: 30px'></span>Homologous use<br/><br/>Could you please clarify your guidance regarding bone marrow?<br/><br/>-<span style='paddi...,3147,FDA-2015-D-3719-0026,unknown,technical_document,,,
guidance,homologous use,"...a of 21 CFR 1271.10(a) (including to be &quot;minimally manipulated&quot;, to be &quot;intended for homologous use only&quot; and its manufacture shall not &quot;involve the combination of the cells or tissues with...",3538,FDA-2015-D-3719-0026,unknown,technical_document,,,
guidance,homologous use,"...ssues with another article&quot;) while, by definition, &quot;minimally manipulated bone marrow for homologous use and not combined with another article&quot; is not considered HCT/P. (21 CFR 1271.3(d) (4))<br/>-<s...",3742,FDA-2015-D-3719-0026,unknown,technical_document,,,
guidance,homologous use,"...1271.3(d) (4))<br/>-<span style='padding-left: 30px'></span>Moreover, an example is given of a non- homologous use of bone marrow: &quot;HPCs derived from bone marrow are infused into an artery with a balloon cathe...",3934,FDA-2015-D-3719-0026,unknown,technical_document,,,
guidance,homologous use,"...r the purpose of limiting ventricular remodeling following acute myocardial infarction. This is not homologous use because limiting ventricular remodeling is not a basic function of bone marrow.&quot; (page 5, 3-1...",4154,FDA-2015-D-3719-0026,unknown,technical_document,,,
guidance,homologous use,"...u consider that hematopoietic functions are basic functions of bone marrow, and that there could be homologous use of hematopoietic stem/progenitor cells derived from bone marrow for haematopoietic purposes?<br/>-<...",4434,FDA-2015-D-3719-0026,unknown,technical_document,,,
guidance,homologous use,"...ort that osteopoesis could be considered as a basic function of bone marrow cells, and consequently homologous use?<br/>",4821,FDA-2015-D-3719-0026,unknown,technical_document,,,
technical_term,,...mologous use and not combined with another article&quot; is not considered HCT/P. (21 CFR 1271.3(d) (4))<br/>-<span style='padding-left: 30px'></span>Moreo...,3819,FDA-2015-D-3719-0026,unknown,technical_document,HCT/P,,
technical_term,,Please find below comments on &#39;Draft Guidances Relating to the Regulation of Human...,8,FDA-2015-D-3719-0026,unknown,technical_document,IND,,
technical_term,,"...egulated solely under section 361 of the PHS Act and 21 CFR Part 1271?<br/>Indeed, to this end, it has to meet all of the criteria of 21 CFR 1271.10(a) (...",3384,FDA-2015-D-3719-0026,unknown,technical_document,IND,,
CFR,,"...ls, Tissues, and Cellular and Tissue -Based Products”, and “Same Surgical Procedure Exception under 21 CFR 1271.15(b): Questions and Answers Regarding the Scope of the Exception” documents that are currently availa...",1202,FDA-2015-D-3719-0027,unknown,personal_narrative,,"21 
CFR 1271.15",1271.15
CFR,,...s binding and/or have clear methods of enforcement. 4) “Same Surgical Procedure Exception under 21 CFR 1271.15(b): Questions and Answers Regarding the Scope of the Exception” The purpose of this guidance is...,7125,FDA-2015-D-3719-0027,unknown,personal_narrative,,21 CFR 1271.15,1271.15
CFR,,...The purpose of this guidance is to further clarify the so- called “surgical exemption” (found in 21 CFR 1271.15(b)) that refers to autologous use of HCT/Ps in the same procedure and it states: “You are not requ...,7304,FDA-2015-D-3719-0027,unknown,personal_narrative,,"21 
CFR 1271.15",1271.15
CFR,,"...Tissues, and Cellular and Tissue -Based Products”, and “Same Surgical Procedure Exception under 21 CFR 1271.15(b): Questions and Answers Regarding the Scope of the Exception” documents that are currently availa...",1206,FDA-2015-D-3719-0027,unknown,personal_narrative,,CFR 1271.15,1271.15
CFR,,...inding and/or have clear methods of enforcement. 4) “Same Surgical Procedure Exception under 21 CFR 1271.15(b): Questions and Answers Regarding the Scope of the Exception” The purpose of this guidance is...,7128,FDA-2015-D-3719-0027,unknown,personal_narrative,,CFR 1271.15,1271.15
CFR,,...he purpose of this guidance is to further clarify the so- called “surgical exemption” (found in 21 CFR 1271.15(b)) that refers to autologous use of HCT/Ps in the same procedure and it states: “You are not requ...,7308,FDA-2015-D-3719-0027,unknown,personal_narrative,,CFR 1271.15,1271.15
CFR,,"...ues, and Cellu lar and Tissue -Based Products” Title 21 of the Code of Federal Regulations (CFR) Part 1271 defines, among others, the criteria that exempt human cells, tissues, and cellular and tissue -base...",2191,FDA-2015-D-3719-0027,unknown,personal_narrative,,Part 1271,
PHSA,,"...pt human cells, tissues, and cellular and tissue -based products (HCT/Ps) from the requirements of section 351 of the PHS Act (regulation as drug or device including pre -market review). One of the criteria, namely “min...",2346,FDA-2015-D-3719-0027,unknown,personal_narrative,,section 351 of the PHS,351
guidance,guidance ,"...fering unregulated and unproven stem cell -based therapies. Despite the non- binding nature of the guidance s, they may encourage systematic regulatory actions regarding this type of “clinic” outfits, which...",1833,FDA-2015-D-3719-0027,unknown,personal_narrative,,,
guidance,guidance ,"...outfits, which will be welcomed by our professional society. We provide detailed comments for each guidance below. 1) “Minimal Manipulation of Human Cells, Tissues, and Cellu lar and Tissue -Based Produc...",2026,FDA-2015-D-3719-0027,unknown,personal_narrative,,,
guidance,"guidance 
",...e 2 There are several examples of structural and non -structural tissue manipulation in this guidance and we believe the more relevant ones to tissue/cell products for lung diseases are Points 10 and 1...,2803,FDA-2015-D-3719-0027,unknown,personal_narrative,,,
guidance,guidance ,"...ed as a drug and we concur with this view (see additional comments for the Adipose Tissue -related guidance below). We also agree with Point 12 that any processing - including, but not limited to, ex vivo ex...",3282,FDA-2015-D-3719-0027,unknown,personal_narrative,,,
guidance,draft guidance ,"...uld be considered more than minimal manipulation”. Nevertheless, there are other passages in the draft guidance that are unclear and may re -introduce ambiguity in the interpretation of the guidance. For example...",3602,FDA-2015-D-3719-0027,unknown,personal_narrative,,,
guidance,guidance ,"...omologous Use of Human Cells, Tis sues, and Cellular and Tissue -Based Products” We welcome this guidance that is supposed to further clarify the concept of “homologous use” for HCT/Ps. Although the guidan...",4596,FDA-2015-D-3719-0027,unknown,personal_narrative,,,
guidance,guidance ,"...dance that is supposed to further clarify the concept of “homologous use” for HCT/Ps. Although the guidance provides several examples of homologous and non-homologous use for various cell/tis sue products, it...",4699,FDA-2015-D-3719-0027,unknown,personal_narrative,,,
guidance,draft guidance ,...ts (HCT/Ps) from Adipose Tissue: Regulatory Considerations” The fact that the FDA has developed a draft guidance specifically for HCT/Ps derived from adipose tissue indicates that the Agency is determined to take...,6015,FDA-2015-D-3719-0027,unknown,personal_narrative,,,
guidance,guidance ,"...r of outfits authorizing unproven and unregulated use of cell administrations. Nevertheless, as the guidance is non -binding, it is not clear to us whether it will inform future FDA actions regarding outfits...",6863,FDA-2015-D-3719-0027,unknown,personal_narrative,,,
guidance,guidance ,...CFR 1271.15(b): Questions and Answers Regarding the Scope of the Exception” The purpose of this guidance is to further clarify the so- called “surgical exemption” (found in 21 CFR 1271.15(b)) that refers...,7227,FDA-2015-D-3719-0027,unknown,personal_narrative,,,
guidance,guidance ,...the same surgical procedure (ATS note: not necessarily on the same day) ”. The ATS considers this guidance a useful extension of previous rules regarding this exemption. Although this guidance is non- bindi...,7697,FDA-2015-D-3719-0027,unknown,personal_narrative,,,
guidance,guidance ,"...siders this guidance a useful extension of previous rules regarding this exemption. Although this guidance is non- binding, we hope it will lead to better monitoring of “clinics” that offer unproven tissue...",7784,FDA-2015-D-3719-0027,unknown,personal_narrative,,,
guidance,same surgical procedure,"...derations”, “Homologous Use of Human Cells, Tissues, and Cellular and Tissue -Based Products”, and “Same Surgical Procedure Exception under 21 CFR 1271.15(b): Questions and Answers Regarding the Scope of the Exception” doc...",1162,FDA-2015-D-3719-0027,unknown,personal_narrative,,,
guidance,same surgical procedure,...ent with SVF. It is critical to make this binding and/or have clear methods of enforcement. 4) “Same Surgical Procedure Exception under 21 CFR 1271.15(b): Questions and Answers Regarding the Scope of the Exception” T...,7085,FDA-2015-D-3719-0027,unknown,personal_narrative,,,
guidance,same surgical procedure,...at removes HCT/P’s from an individual and implants such HCT/P's into the same individual during the same surgical procedure (ATS note: not necessarily on the same day) ”. The ATS considers this guidance a useful extension...,7601,FDA-2015-D-3719-0027,unknown,personal_narrative,,,
guidance,minimal manipulation,"...we find of particular interest the new FDA draft guidances for industry. We specifically refer to “Minimal Manipulation of Human Cells, Tissues, and Cellular and Tissue - Based Products”, “Human Cells, Tissues, and Cell...",863,FDA-2015-D-3719-0027,unknown,personal_narrative,,,
guidance,minimal manipulation,"...consider the new guidances to be helpful by clarifying key definitions such as “homologous use”, “minimal manipulation” and “surgical exemption” and by removing vulnerable “gray areas” in the existing FDA regulat ions...",1464,FDA-2015-D-3719-0027,unknown,personal_narrative,,,
guidance,minimal manipulation,"...welcomed by our professional society. We provide detailed comments for each guidance below. 1) “Minimal Manipulation of Human Cells, Tissues, and Cellu lar and Tissue -Based Products” Title 21 of the Code of Feder...",2050,FDA-2015-D-3719-0027,unknown,personal_narrative,,,
guidance,minimal manipulation,"...PHS Act (regulation as drug or device including pre -market review). One of the criteria, namely “minimal manipulation” had not been clearly defined in the past and this has been used as a “loophole” for outfits that o...",2465,FDA-2015-D-3719-0027,unknown,personal_narrative,,,
guidance,minimal manipulation,...agrees with the example given in Point 10 that considers processing of adipose tissue as more than minimal manipulation. This implies that the stromal vascular fraction (SVF) commonly isolated from dissociation of subcu...,3023,FDA-2015-D-3719-0027,unknown,personal_narrative,,,
guidance,minimal manipulation,"...logical characteristics of cells or nonstructural tissues ge nerally would be considered more than minimal manipulation”. Nevertheless, there are other passages in the draft guidance that are unclear and may re -intr...",3530,FDA-2015-D-3719-0027,unknown,personal_narrative,,,
guidance,minimal manipulation,"...cs relating to reconstruction, repair, or replacement are not altered generally would be considered minimal manipulation…” from Point 7 needs clarification. Does the sentence refer to all components of the tissue? Would,...",4235,FDA-2015-D-3719-0027,unknown,personal_narrative,,,
guidance,minimal manipulation,"...iseases, is non- homologous use and their putative anti -inflammatory effects arise from more than minimal manipulation. February 16, 2016 Page 3 3) “Human Cells, Ti ssues, and Cellular and Tissue -Ba...",5785,FDA-2015-D-3719-0027,unknown,personal_narrative,,,
guidance,minimal manipulation,"...fficacy. Therefore, we agree with the FDA that separation of SVF from adipose tissue is more than minimal manipulation and that a “surgical exemption” does not apply, even if the extracted SVF is destined for autologou...",6493,FDA-2015-D-3719-0027,unknown,personal_narrative,,,
guidance,homologous use,"...and Cellular and Tissue -Based Products (HCT/Ps) from Adipose Tissue: Regulatory Considerations”, “Homologous Use of Human Cells, Tissues, and Cellular and Tissue -Based Products”, and “Same Surgical Procedure Exc...",1075,FDA-2015-D-3719-0027,unknown,personal_narrative,,,
guidance,homologous use,"...In general, we consider the new guidances to be helpful by clarifying key definitions such as “homologous use”, “minimal manipulation” and “surgical exemption” and by removing vulnerable “gray areas” in the ex...",1446,FDA-2015-D-3719-0027,unknown,personal_narrative,,,
guidance,homologous use,"...SVF originating from enzymatic treatment of fat tissue be considered minimally manipulated? 2) “Homologous Use of Human Cells, Tis sues, and Cellular and Tissue -Based Products” We welcome this guidance that...",4495,FDA-2015-D-3719-0027,unknown,personal_narrative,,,
guidance,homologous use,...ue -Based Products” We welcome this guidance that is supposed to further clarify the concept of “homologous use” for HCT/Ps. Although the guidance provides several examples of homologous and non-homologous use...,4657,FDA-2015-D-3719-0027,unknown,personal_narrative,,,
guidance,homologous use,"...“homologous use” for HCT/Ps. Although the guidance provides several examples of homologous and non-homologous use for various cell/tis sue products, it does not directly address the two major unregulated cell the...",4756,FDA-2015-D-3719-0027,unknown,personal_narrative,,,
guidance,homologous use,"...an unproven treatment for a myriad of diseases or conditions, the HCT/P is likely not intended for homologous use only” in Q&A 1 indirectly refers to such products but we think additional examples will be useful....",5193,FDA-2015-D-3719-0027,unknown,personal_narrative,,,
guidance,homologous use,"...d that use of purified SVF or unexpanded MSCs for most conditions, including lung diseases, is non- homologous use and their putative anti -inflammatory effects arise from more than minimal manipulation....",5702,FDA-2015-D-3719-0027,unknown,personal_narrative,,,
technical_term,,"...Products”, “Human Cells, Tissues, and Cellular and Tissue -Based Products (HCT/Ps) from Adipose Tissue: Regulatory Considerations”, “Homologous Use of Hum...",1016,FDA-2015-D-3719-0027,unknown,personal_narrative,HCT/P,,
technical_term,,"...that exempt human cells, tissues, and cellular and tissue -based products (HCT/Ps) from the requirements of section 351 of the PHS Act (regulation as dru...",2312,FDA-2015-D-3719-0027,unknown,personal_narrative,HCT/P,,
technical_term,,...e that is supposed to further clarify the concept of “homologous use” for HCT/Ps. Although the guidance provides several examples of homologous and non-ho...,4678,FDA-2015-D-3719-0027,unknown,personal_narrative,HCT/P,,
technical_term,,"...mal stromal cells (MSCs). We presume that the sentence “Gener ally, if an HCT/P is intended for use as an unproven treatment for a myriad of diseases or...",5064,FDA-2015-D-3719-0027,unknown,personal_narrative,HCT/P,,
technical_term,,"...use as an unproven treatment for a myriad of diseases or conditions, the HCT/P is likely not intended for homologous use only” in Q&A 1 indirectly refers...",5160,FDA-2015-D-3719-0027,unknown,personal_narrative,HCT/P,,
technical_term,,"...3 3) “Human Cells, Ti ssues, and Cellular and Tissue -Based Products (HCT/Ps) from Adipose Tissue: Regulatory Considerations” The fact that the FDA...",5919,FDA-2015-D-3719-0027,unknown,personal_narrative,HCT/P,,
technical_term,,...ns” The fact that the FDA has developed a draft guidance specifically for HCT/Ps derived from adipose tissue indicates that the Agency is determined to t...,6047,FDA-2015-D-3719-0027,unknown,personal_narrative,HCT/P,,
technical_term,,...exemption” (found in 21 CFR 1271.15(b)) that refers to autologous use of HCT/Ps in the same procedure and it states: “You are not required to com ply wi...,7357,FDA-2015-D-3719-0027,unknown,personal_narrative,HCT/P,,
technical_term,,...th the requirements of this part if you are an establishment that removes HCT/P’s from an individual and implants such HCT/P's into the same individual du...,7512,FDA-2015-D-3719-0027,unknown,personal_narrative,HCT/P,,
technical_term,,...n establishment that removes HCT/P’s from an individual and implants such HCT/P's into the same individual during the same surgical procedure (ATS note: n...,7557,FDA-2015-D-3719-0027,unknown,personal_narrative,HCT/P,,
technical_term,,"...sue- based therapies strongly depends on FDA regulatory requirements, we find of particular interest the new FDA draft guidances for industry. We specif...",768,FDA-2015-D-3719-0027,unknown,personal_narrative,IND,,
technical_term,,"...quirements, we find of particular interest the new FDA draft guidances for industry. We specifically refer to “Minimal Manipulation of Human Cells, Tissu...",827,FDA-2015-D-3719-0027,unknown,personal_narrative,IND,,
technical_term,,"...ing unregulated and unproven stem cell -based therapies. Despite the non- binding nature of the guidance s, they may encourage systematic regulatory act...",1811,FDA-2015-D-3719-0027,unknown,personal_narrative,IND,,
technical_term,,"...itions, the HCT/P is likely not intended for homologous use only” in Q&A 1 indirectly refers to such products but we think additional examples will be us...",5223,FDA-2015-D-3719-0027,unknown,personal_narrative,IND,,
technical_term,,...oped a draft guidance specifically for HCT/Ps derived from adipose tissue indicates that the Agency is determined to take a more active stance against t...,6083,FDA-2015-D-3719-0027,unknown,personal_narrative,IND,,
technical_term,,"...ulated use of cell administrations. Nevertheless, as the guidance is non -binding, it is not clear to us whether it will inform future FDA actions regar...",6881,FDA-2015-D-3719-0027,unknown,personal_narrative,IND,,
technical_term,,...regarding outfits treating patient with SVF. It is critical to make this binding and/or have clear methods of enforcement. 4) “Same Surgical Procedu...,7028,FDA-2015-D-3719-0027,unknown,personal_narrative,IND,,
technical_term,,...nts of this part if you are an establishment that removes HCT/P’s from an individual and implants such HCT/P's into the same individual during the same...,7528,FDA-2015-D-3719-0027,unknown,personal_narrative,IND,,
technical_term,,...removes HCT/P’s from an individual and implants such HCT/P's into the same individual during the same surgical procedure (ATS note: not necessarily on th...,7579,FDA-2015-D-3719-0027,unknown,personal_narrative,IND,,
technical_term,,"...previous rules regarding this exemption. Although this guidance is non- binding, we hope it will lead to better monitoring of “clinics” that offer unp...",7802,FDA-2015-D-3719-0027,unknown,personal_narrative,IND,,
guidance,guidance ,...in chronic pain for 20 years untill I received still cell therapy.<br/><br/>Withdraw the four HCT/P guidance documents<br/>Get out of the business of regulating a person&#39;s use of his own body parts<br/>Con...,430,FDA-2015-D-3719-0066,unknown,personal_narrative,,,
technical_term,,...20 years untill I received still cell therapy.<br/><br/>Withdraw the four HCT/P guidance documents<br/>Get out of the business of regulating a person&#39;...,424,FDA-2015-D-3719-0066,unknown,personal_narrative,HCT/P,,
guidance,guidance ,...right to use parts of my own body as a treatment? <br/><br/>The FDA should withdraw the four HCT/P guidance documents and get out of the business of regulating a person&#39;s use of his own body parts. My fam...,532,FDA-2015-D-3719-0080,unknown,personal_narrative,,,
technical_term,,...of my own body as a treatment? <br/><br/>The FDA should withdraw the four HCT/P guidance documents and get out of the business of regulating a person&#39;...,526,FDA-2015-D-3719-0080,unknown,personal_narrative,HCT/P,,
guidance,guidance ,Withdraw the four HCT/P guidance documents.<br/><br/>Get out of the business of regulating a person&#39;s use of their own body parts...,24,FDA-2015-D-3719-0093,unknown,technical_document,,,
technical_term,,Withdraw the four HCT/P guidance documents.<br/><br/>Get out of the business of regulating a perso...,18,FDA-2015-D-3719-0093,unknown,technical_document,HCT/P,,
guidance,guidance ,I am requesting the withdrawal of the four HCT/P guidance documents and stopping legislation that regulates a patient&#39;s use of their own body parts/stem c...,49,FDA-2015-D-3719-0095,unknown,personal_narrative,,,
technical_term,,I am requesting the withdrawal of the four HCT/P guidance documents and stopping legislation that regulates a patient&#39;s...,43,FDA-2015-D-3719-0095,unknown,personal_narrative,HCT/P,,
CFR,,"...1 of the Public Health Service Act , that is, whether or not the HCT/P has a systemic effect. See 21 CFR 1271.10(a)(4)(i). This statement was not made in the context of a discussi on of minimal manipulation, (2...",1230,FDA-2015-D-3719-0043,unknown,personal_narrative,,21 CFR 1271.10,1271.10
CFR,,"...0(a)(4)(i). This statement was not made in the context of a discussi on of minimal manipulation, (21 CFR 1271.10(a)(1), nor was it made in the context of a discussion of how to determine whether tissue should be...",1343,FDA-2015-D-3719-0043,unknown,personal_narrative,,"21 CFR 
1271.10",1271.10
CFR,,"..., it should be noted that FDA’s statement misapplies the homologous use regulations. According to 21 CFR 1271.3(c), homologous use means the : …repair, reconstruction, or supplementation of a recipient’s cell s...",2249,FDA-2015-D-3719-0043,unknown,personal_narrative,,21 CFR 1271.3,1271.3
CFR,,"...f the Public Health Service Act , that is, whether or not the HCT/P has a systemic effect. See 21 CFR 1271.10(a)(4)(i). This statement was not made in the context of a discussi on of minimal manipulation, (2...",1233,FDA-2015-D-3719-0043,unknown,personal_narrative,,CFR 1271.10,1271.10
CFR,,"...)(4)(i). This statement was not made in the context of a discussi on of minimal manipulation, (21 CFR 1271.10(a)(1), nor was it made in the context of a discussion of how to determine whether tissue should be...",1346,FDA-2015-D-3719-0043,unknown,personal_narrative,,"CFR 
1271.10",1271.10
CFR,,"...t should be noted that FDA’s statement misapplies the homologous use regulations. According to 21 CFR 1271.3(c), homologous use means the : …repair, reconstruction, or supplementation of a recipient’s cell s...",2252,FDA-2015-D-3719-0043,unknown,personal_narrative,,CFR 1271.3,1271.3
PHSA,,"...t in the context of a discussion of the fourth criteria for eligibility for marketing solely under Section 361 of the Public Health Service Act , that is, whether or not the HCT/P has a systemic effect. See 21 CFR 1271.10(a)(4)(i). This st...",1120,FDA-2015-D-3719-0043,unknown,personal_narrative,,Section 361 of the Public Health Service Act,361
guidance,draft guidance ,"...t of main function to the identification of tissue as structural or non -structural. 2. The Draft Guidance on HCT/Ps from Adipose Tissue states, in Example B -3, page 5: The basic function of breast tissue...",1695,FDA-2015-D-3719-0043,unknown,personal_narrative,,,
guidance,draft guidance ,"...the donor, and the function the donated tissue is expected to perform in the recipient. 2 The Draft Guidance on HCT/Ps from Adipose Tissue indicates that in the donor, adipose tissue stores energy, insulates...",2675,FDA-2015-D-3719-0043,unknown,personal_narrative,,,
guidance,"minimal  
manipulation",...has always applied — It is sometimes asserted that FDA has applied the concept of main function to minimal manipulation determinations for many years. This assertion is sometimes supported by a reference to this statem...,525,FDA-2015-D-3719-0043,unknown,personal_narrative,,,
guidance,minimal manipulation,"...ect. See 21 CFR 1271.10(a)(4)(i). This statement was not made in the context of a discussi on of minimal manipulation, (21 CFR 1271.10(a)(1), nor was it made in the context of a discussion of how to determine whether...",1320,FDA-2015-D-3719-0043,unknown,personal_narrative,,,
guidance,homologous use,"...ssue, using HCT/Ps from adipose tissues for breast augmentation would generally be considered non- homologous use. Several speakers at the public hearing noted that breast tissue has functions in addition to la...",2013,FDA-2015-D-3719-0043,unknown,personal_narrative,,,
guidance,homologous use,"...ns in addition to lactation. In addition, it should be noted that FDA’s statement misapplies the homologous use regulations. According to 21 CFR 1271.3(c), homologous use means the : …repair, reconstruction,...",2206,FDA-2015-D-3719-0043,unknown,personal_narrative,,,
guidance,homologous use,"...ed that FDA’s statement misapplies the homologous use regulations. According to 21 CFR 1271.3(c), homologous use means the : …repair, reconstruction, or supplementation of a recipient’s cell s or tissues with a...",2267,FDA-2015-D-3719-0043,unknown,personal_narrative,,,
guidance,homologous use,"...l organs. ( Draft Guidance, page 1.) Therefore, in determining whether breast augmentation is a homologous use of adipose tissue, the correct question is “Is transplanted adipose tissue expected to store energ...",2972,FDA-2015-D-3719-0043,unknown,personal_narrative,,,
technical_term,,"...g the public hearing on the Draft Guidances Relating to the Regulation of HCT/Ps on September 12 and 13, 2016 1. With respect to the issue of whether...",232,FDA-2015-D-3719-0043,unknown,personal_narrative,HCT/P,,
technical_term,,"...ection 361 of the Public Health Service Act , that is, whether or not the HCT/P has a systemic effect. See 21 CFR 1271.10(a)(4)(i). This statement was...",1196,FDA-2015-D-3719-0043,unknown,personal_narrative,HCT/P,,
technical_term,,"...f tissue as structural or non -structural. 2. The Draft Guidance on HCT/Ps from Adipose Tissue states, in Example B -3, page 5: The basic function...",1713,FDA-2015-D-3719-0043,unknown,personal_narrative,HCT/P,,
technical_term,,"...hildbirth. Because this is not a basic function of adipose tissue, using HCT/Ps from adipose tissues for breast augmentation would generally be consider...",1925,FDA-2015-D-3719-0043,unknown,personal_narrative,HCT/P,,
technical_term,,"...nstruction, or supplementation of a recipient’s cell s or tissues with an HCT/P that performs the same basic function or functions in the recipient as in...",2383,FDA-2015-D-3719-0043,unknown,personal_narrative,HCT/P,,
technical_term,,"...sue is expected to perform in the recipient. 2 The Draft Guidance on HCT/Ps from Adipose Tissue indicates that in the donor, adipose tissue stores e...",2693,FDA-2015-D-3719-0043,unknown,personal_narrative,HCT/P,,
technical_term,,"...in the recipient. 2 The Draft Guidance on HCT/Ps from Adipose Tissue indicates that in the donor, adipose tissue stores energy, insulates the body...",2720,FDA-2015-D-3719-0043,unknown,personal_narrative,IND,,
technical_term,,"...orted by a reference to this statement in the May 14, 1998 preamble to the Establishment Registration & Listing proposed rule: “FDA recognizes that some products may have bot...",687,FDA-2015-D-3719-0043,unknown,personal_narrative,establishment registration,,
technical_term,,Please find attached Johnson and Johnson comments on Docket No. FDA-2015-D-3719,8,FDA-2015-D-3719-0096,unknown,technical_document,IND,,
CFR,,"...ts.1 1 See Guidance for Industry: Compliance with 21 CFR Part 1271.150(c)(1) – Manufacturing Arrangements (September 2006), available at Analysis, Characterization, and...",2558,FDA-2015-D-3719-0097,unknown,personal_narrative,,21 CFR Part 1271.150,1271.150
CFR,,...23 Appendix B: HCT/P Flow Diagrams Does the product meet the Minimal Manipulation criteria under 21 CFR 1271Does my product meet the definition of minimalmanipulation (21 CFR 1271.3(f))? Does my product perfo...,73600,FDA-2015-D-3719-0097,unknown,personal_narrative,,21	CFR	1271,1271
CFR,,...Manipulation criteria under 21 CFR 1271Does my product meet the definition of minimalmanipulation (21 CFR 1271.3(f))? Does my product perform a structural function? Is my product a nonstructuraltissue?No Does th...,73671,FDA-2015-D-3719-0097,unknown,personal_narrative,,21	CFR	1271.3,1271.3
CFR,,...minimally manipulated No No Page 1 Page 24 Does my product meet the definition of homologous use(21 CFR 12.71 3(c))? Is the product used in a repair of the recipient's cells or tissues and performs the same ba...,74200,FDA-2015-D-3719-0097,unknown,personal_narrative,,21	CFR	12.71,12.71
CFR,,...ions in the recipient as in the donor?No NoDoes the product meet the Homologous Use criteria under 21 CFR 1271 Page 2 Page 25 Does my productmeet the definition ofautologous use (21CFR 1271.3(a))? Is the pro...,75037,FDA-2015-D-3719-0097,unknown,personal_narrative,,21	CFR	1271,1271
CFR,,...e criteria under 21 CFR 1271 Page 2 Page 25 Does my productmeet the definition ofautologous use (21CFR 1271.3(a))? Is the product implantedback into the individual from whom the cells or tissue were recovered...,75119,FDA-2015-D-3719-0097,unknown,personal_narrative,,21CFR	1271.3,1271.3
CFR,,...whomthe cells or tissue were recovered?No NoDoes the product meet the Autologous Use criteria under 21 CFR 1271 Page 3 Page 26 Is my product regulated solely as a 361 HCT/P under 21 CFR 1271?Is the product min...,75704,FDA-2015-D-3719-0097,unknown,personal_narrative,,21	CFR	1271,1271
CFR,,"...Use criteria under 21 CFR 1271 Page 3 Page 26 Is my product regulated solely as a 361 HCT/P under 21 CFR 1271?Is the product minimally manipulated? (See Minimal Manipulation flow chart, page 1) Is the product...",75785,FDA-2015-D-3719-0097,unknown,personal_narrative,,21	CFR	1271,1271
CFR,,"...(See Autologous Use flow chart, page 3) No The product is NOT regulated solely as a 361 HCT/P under 21 CFR 1271No Yes The product is regulated solely as a 361 HCT/P under 21 CFR 1271Does the product meet the cri...",76636,FDA-2015-D-3719-0097,unknown,personal_narrative,,21	CFR	1271,1271
CFR,,...solely as a 361 HCT/P under 21 CFR 1271No Yes The product is regulated solely as a 361 HCT/P under 21 CFR 1271Does the product meet the criteria to be regulated solely as a 361 HCT/P under 21 CFR 1271 Page 4Yes...,76707,FDA-2015-D-3719-0097,unknown,personal_narrative,,21	CFR	1271,1271
CFR,,...T/P under 21 CFR 1271Does the product meet the criteria to be regulated solely as a 361 HCT/P under 21 CFR 1271 Page 4YesNoNo YesNoYesNo,76797,FDA-2015-D-3719-0097,unknown,personal_narrative,,21 CFR 1271,1271
CFR,,"...1 1 See Guidance for Industry: Compliance with 21 CFR Part 1271.150(c)(1) – Manufacturing Arrangements (September 2006), available at Analysis, Characterization, and...",2561,FDA-2015-D-3719-0097,unknown,personal_narrative,,CFR Part 1271.150,1271.150
CFR,,...Appendix B: HCT/P Flow Diagrams Does the product meet the Minimal Manipulation criteria under 21 CFR 1271Does my product meet the definition of minimalmanipulation (21 CFR 1271.3(f))? Does my product perfo...,73603,FDA-2015-D-3719-0097,unknown,personal_narrative,,CFR	1271,1271
CFR,,...nipulation criteria under 21 CFR 1271Does my product meet the definition of minimalmanipulation (21 CFR 1271.3(f))? Does my product perform a structural function? Is my product a nonstructuraltissue?No Does th...,73674,FDA-2015-D-3719-0097,unknown,personal_narrative,,CFR	1271.3,1271.3
CFR,,...nimally manipulated No No Page 1 Page 24 Does my product meet the definition of homologous use(21 CFR 12.71 3(c))? Is the product used in a repair of the recipient's cells or tissues and performs the same ba...,74203,FDA-2015-D-3719-0097,unknown,personal_narrative,,CFR	12.71,12.71
CFR,,...s in the recipient as in the donor?No NoDoes the product meet the Homologous Use criteria under 21 CFR 1271 Page 2 Page 25 Does my productmeet the definition ofautologous use (21CFR 1271.3(a))? Is the pro...,75040,FDA-2015-D-3719-0097,unknown,personal_narrative,,CFR	1271,1271
CFR,,...criteria under 21 CFR 1271 Page 2 Page 25 Does my productmeet the definition ofautologous use (21CFR 1271.3(a))? Is the product implantedback into the individual from whom the cells or tissue were recovered...,75121,FDA-2015-D-3719-0097,unknown,personal_narrative,,CFR	1271.3,1271.3
CFR,,...mthe cells or tissue were recovered?No NoDoes the product meet the Autologous Use criteria under 21 CFR 1271 Page 3 Page 26 Is my product regulated solely as a 361 HCT/P under 21 CFR 1271?Is the product min...,75707,FDA-2015-D-3719-0097,unknown,personal_narrative,,CFR	1271,1271
CFR,,"...criteria under 21 CFR 1271 Page 3 Page 26 Is my product regulated solely as a 361 HCT/P under 21 CFR 1271?Is the product minimally manipulated? (See Minimal Manipulation flow chart, page 1) Is the product...",75788,FDA-2015-D-3719-0097,unknown,personal_narrative,,CFR	1271,1271
CFR,,"...e Autologous Use flow chart, page 3) No The product is NOT regulated solely as a 361 HCT/P under 21 CFR 1271No Yes The product is regulated solely as a 361 HCT/P under 21 CFR 1271Does the product meet the cri...",76639,FDA-2015-D-3719-0097,unknown,personal_narrative,,CFR	1271,1271
CFR,,...lely as a 361 HCT/P under 21 CFR 1271No Yes The product is regulated solely as a 361 HCT/P under 21 CFR 1271Does the product meet the criteria to be regulated solely as a 361 HCT/P under 21 CFR 1271 Page 4Yes...,76710,FDA-2015-D-3719-0097,unknown,personal_narrative,,CFR	1271,1271
CFR,,...under 21 CFR 1271Does the product meet the criteria to be regulated solely as a 361 HCT/P under 21 CFR 1271 Page 4YesNoNo YesNoYesNo,76800,FDA-2015-D-3719-0097,unknown,personal_narrative,,CFR 1271,1271
CFR,,"...1 See Guidance for Industry: Compliance with 21 CFR Part 1271.150(c)(1) – Manufacturing Arrangements (September 2006), available at Analysis, Characterization, and...",2565,FDA-2015-D-3719-0097,unknown,personal_narrative,,Part 1271.150,150
guidance,guidance	,"...tient care. The Association and the TPG have requested, and will continue to request, clear guidance related to the current good tissue practices and manufacturing arrangements.1...",2376,FDA-2015-D-3719-0097,unknown,personal_narrative,,,
guidance,guidance for industry,"...practices and manufacturing arrangements.1 1 See Guidance for Industry: Compliance with 21 CFR Part 1271.150(c)(1) – Manufacturing Arrangements (September 2006), availabl...",2519,FDA-2015-D-3719-0097,unknown,personal_narrative,,,
guidance,guidance document ,"...nufacturing Arrangements (September 2006), available at Analysis, Characterization, and Assessment Guidance Document September 22, 2016 Page 2 Due to that keen interest, the TPG previously submitted a docum...",2689,FDA-2015-D-3719-0097,unknown,personal_narrative,,,
guidance,guidance	document	,"...previously submitted a document detailing what should be included in the draft homologous use guidance document prior to the FDA’s publication of its own guidance document. Building upon that effort, the AAT...",2877,FDA-2015-D-3719-0097,unknown,personal_narrative,,,
guidance,guidance	 ,"...be included in the draft homologous use guidance document prior to the FDA’s publication of its own guidance document. Building upon that effort, the AATB and the TPG now submits a separate guidance...",2937,FDA-2015-D-3719-0097,unknown,personal_narrative,,,
guidance,guidance	 document	 ,"...uidance document. Building upon that effort, the AATB and the TPG now submits a separate guidance document recommendation (attached) titled “Appropriate Analysis, Characterization and Assessment to Asce...",3038,FDA-2015-D-3719-0097,unknown,personal_narrative,,,
guidance,draft	guidance	document	,"...s Use of Human Cells, Tissues, and Cellular and Tissue-Based Products (HCT/Ps).” We developed this draft guidance document recommendation to provide the FDA with the AATB’s and the TPG’s assessment of the need for a separat...",3298,FDA-2015-D-3719-0097,unknown,personal_narrative,,,
guidance,guidance	 document	 ,"...ommendation to provide the FDA with the AATB’s and the TPG’s assessment of the need for a separate guidance document examining issues related to analysis, characterization and assessment of Human Cells, Tissue...",3425,FDA-2015-D-3719-0097,unknown,personal_narrative,,,
guidance,guidance	 document	,...characterization and assessment to minimal manipulation and homologous use for HCT/Ps. This guidance document recommendation expands upon the previously submitted homologous use guidance document recommendat...,3745,FDA-2015-D-3719-0097,unknown,personal_narrative,,,
guidance,guidance	document	,"...s. This guidance document recommendation expands upon the previously submitted homologous use guidance document recommendation by adding new, discrete concepts. Namely, as the title suggests, the main feature of...",3835,FDA-2015-D-3719-0097,unknown,personal_narrative,,,
guidance,guidance	document	,"...endation by adding new, discrete concepts. Namely, as the title suggests, the main feature of this guidance document recommendation is to provide a framework for the appropriate analysis, characterization and as...",3959,FDA-2015-D-3719-0097,unknown,personal_narrative,,,
guidance,guidance	document	,"...low diagrams, given the need for additional clarity in this area. We hope that you will find this guidance document recommendation useful in your deliberations related to the four draft FDA guidance documents...",4607,FDA-2015-D-3719-0097,unknown,personal_narrative,,,
guidance,guidance	 ,...s guidance document recommendation useful in your deliberations related to the four draft FDA guidance documents related to HCT/Ps. The AATB and the TPG stand ready and willing to assist the FDA w...,4705,FDA-2015-D-3719-0097,unknown,personal_narrative,,,
guidance,guidance	 document	 ,"...& CEO Chair American Association of Tissue Banks Tissue Policy Group Attachment: TPG’s Guidance Document Recommendation Titled “Appropriate Analysis, Characterization and Assessment to Ascertain Min...",5064,FDA-2015-D-3719-0097,unknown,personal_narrative,,,
guidance,guidance	document	,"...logicsbloodvaccines/guidancecomplianceregulatoryinformation/guidances/tissue/ucm062606.pdf. Guidance Document Recommendation Appropriate Analysis, Characterization and Assessment to Ascertain Minimal Manip...",5600,FDA-2015-D-3719-0097,unknown,personal_narrative,,,
guidance,guidance	,...n of HCT/Ps and the need for biocompatibility testing? 5 (4) Are there other relevant guidance documents to consider when a tissue processer 5 is assessing biocompability? B. Appropriat...,6541,FDA-2015-D-3719-0097,unknown,personal_narrative,,,
guidance,draft	guidance	document	,"...e American Association of Tissue Banks (AATB) Tissue Policy Group (TPG) or AATB TPG, developed this draft guidance document recommendation to provide the Food and Drug Administration (FDA or Agency) with AATB TPG’s assessmen...",7852,FDA-2015-D-3719-0097,unknown,personal_narrative,,,
guidance,guidance	document	,"...Food and Drug Administration (FDA or Agency) with AATB TPG’s assessment of the need for a separate guidance document examining issues related to analysis, characterization and assessment of Human Cells, Tissues, and C...",8005,FDA-2015-D-3719-0097,unknown,personal_narrative,,,
guidance,guidance	 document	,"...lysis, characterization and assessment to minimal manipulation and homologous use of HCT/Ps. This guidance document expands upon the previously submitted homologous use guidance document recommendation by addin...",8298,FDA-2015-D-3719-0097,unknown,personal_narrative,,,
guidance,guidance	 document	,"...use of HCT/Ps. This guidance document expands upon the previously submitted homologous use guidance document recommendation by adding new, discrete concepts. Namely, as the title suggests, the main feature of...",8375,FDA-2015-D-3719-0097,unknown,personal_narrative,,,
guidance,guidance	document	,"...endation by adding new, discrete concepts. Namely, as the title suggests, the main feature of this guidance document recommendation is to provide a framework for the appropriate analysis, characterization and assessme...",8500,FDA-2015-D-3719-0097,unknown,personal_narrative,,,
guidance,draft	guidance	document	,"...nts previously submitted related to minimal manipulation and homologous use. As part of its recent draft guidance document titled Homologous Use of Human Cells, Tissues, and Cellular and Tissue-Based Products: Draft Guidan...",9337,FDA-2015-D-3719-0097,unknown,personal_narrative,,,
guidance,draft	guidance	for	industry,"...ce document titled Homologous Use of Human Cells, Tissues, and Cellular and Tissue-Based Products: Draft Guidance for Industry and FDA Staff, the FDA noted that “[a] homologous use for a cellular or nonstructural tissue would...",9449,FDA-2015-D-3719-0097,unknown,personal_narrative,,,
guidance,draft	guidance	document	,"...e dependent upon the metabolic activity of such cells. Due to this limitation, this draft guidance document recommendation does not directly address the topic....",10324,FDA-2015-D-3719-0097,unknown,personal_narrative,,,
guidance,guidance	document	,"...d. For the format and content of the analysis, a tissue processer may want to refer to FDA’s guidance document on this topic (and, in particular, Annex C of “Use of International Standard ISO 10993-1, Biological...",13491,FDA-2015-D-3719-0097,unknown,personal_narrative,,,
guidance,guidance	 ,"..., thus, reduce the need for additional biocompatibility testing. (4) Are there other relevant guidance documents to consider when a tissue processer is assessing biocompability? Yes. The FD...",14947,FDA-2015-D-3719-0097,unknown,personal_narrative,,,
guidance,guidance	 document	 ,"...tissue processer is assessing biocompability? Yes. The FDA recently released a final guidance document titled “Guidance for Industry on Use of International Standard ISO 10993 1, Biological evaluat...",15089,FDA-2015-D-3719-0097,unknown,personal_narrative,,,
guidance,guidance	 for	 industry,"...ssing biocompability? Yes. The FDA recently released a final guidance document titled “Guidance for Industry on Use of International Standard ISO 10993 1, Biological evaluation of medical devices Part 1 Ev...",15118,FDA-2015-D-3719-0097,unknown,personal_narrative,,,
guidance,guidance	 ,"...n of medical devices Part 1 Evaluation and testing within a risk management process.2” This guidance covers key issues including sensitization, hemocompatibility, pyrogenecity, genotoxicity, and ca...",15311,FDA-2015-D-3719-0097,unknown,personal_narrative,,,
guidance,guidance	,"...tion, hemocompatibility, pyrogenecity, genotoxicity, and carcinogenicity. However, given that this guidance is specific to devices and covers a whole host of products, not all of the recommendat...",15462,FDA-2015-D-3719-0097,unknown,personal_narrative,,,
guidance,guidance	document	 ,"...iate pre-clinical animal models may be considered. In addition, the FDA recently released a final guidance document titled “Guidance for Industry on Use of International Standard ISO 10993 1, Biological ev...",26171,FDA-2015-D-3719-0097,unknown,personal_narrative,,,
guidance,guidance	 for	 industry,"...els may be considered. In addition, the FDA recently released a final guidance document titled “Guidance for Industry on Use of International Standard ISO 10993 1, Biological evaluation of medical devices Part...",26199,FDA-2015-D-3719-0097,unknown,personal_narrative,,,
guidance,guidance	,...aluation of medical devices Part 1 Evaluation and testing within a risk management process.4” This guidance covers key issues including the use of animal models (especially as it relates to degradation). How...,26390,FDA-2015-D-3719-0097,unknown,personal_narrative,,,
guidance,guidance	,"...uding the use of animal models (especially as it relates to degradation). However, given that this guidance is specific to devices and covers a whole host of products, not all of the recommendations will be w...",26521,FDA-2015-D-3719-0097,unknown,personal_narrative,,,
guidance,guidance	 document	 ,"...for the references related to the basic function and homologous use, please refer to the AATB TPG’s Guidance Document Recommendation: Homologous Use of Human Cells, Tissues, and Cellular and Tissue-Based Pro...",30519,FDA-2015-D-3719-0097,unknown,personal_narrative,,,
guidance,guidance	,"...chart below only includes additional, supportive information not already included in that previous guidance recommendation. Tissue Category Basic Function Homologous Use Original, relevant characteristics (S...",30765,FDA-2015-D-3719-0097,unknown,personal_narrative,,,
guidance,guidance document for ,"...Research Paper, 27 October 2015. http://dx.doi.org/10.1016/j.jmbbrn.2014.10.011 102OECD. (2004), Guidance Document for the Conduct of Skin Absorption Studies, OECD Series on Testing and Assessment, No. 28, OECD Publishi...",63933,FDA-2015-D-3719-0097,unknown,personal_narrative,,,
guidance,minimal	manipulation,"...endation (attached) titled “Appropriate Analysis, Characterization and Assessment to Ascertain Minimal Manipulation and Homologous Use of Human Cells, Tissues, and Cellular and Tissue-Based Products (HCT/Ps).” We d...",3164,FDA-2015-D-3719-0097,unknown,personal_narrative,,,
guidance,minimal	 manipulation,"...roducts (HCT/Ps) and the relationship of that analysis, characterization and assessment to minimal manipulation and homologous use for HCT/Ps. This guidance document recommendation expands upon the previou...",3684,FDA-2015-D-3719-0097,unknown,personal_narrative,,,
guidance,minimal	 manipulation,"...t Recommendation Titled “Appropriate Analysis, Characterization and Assessment to Ascertain Minimal Manipulation and Homologous Use of Human Cells, Tissues, and Cellular and Tissue-Based Products (HCT/Ps).”...",5181,FDA-2015-D-3719-0097,unknown,personal_narrative,,,
guidance,minimal	manipulation,"...nce Document Recommendation Appropriate Analysis, Characterization and Assessment to Ascertain Minimal Manipulation and Homologous Use of Human Cells, Tissues, and Cellular and Tissue-Based Products (HCT/Ps)...",5705,FDA-2015-D-3719-0097,unknown,personal_narrative,,,
guidance,minimal	manipulation,"...) What about endogenous cells in structural tissues? 5 (7) How does homologous use relate to minimal manipulation? 5 (8) What analysis, characterization or asssessment should a tissue processer perform 7...",6890,FDA-2015-D-3719-0097,unknown,personal_narrative,,,
guidance,minimal			manipulation,"...cessing steps? (12) To ensure compliance with FDA regulations related to homologous use and minimal manipulation, are there key practices that the TRG recommends all tissue processers perform? 8 IV...",7482,FDA-2015-D-3719-0097,unknown,personal_narrative,,,
guidance,minimal	manipulation,"...e-Based Products (HCT/Ps) and the relationship of that analysis, characterization and assessment to minimal manipulation and homologous use of HCT/Ps. This guidance document expands upon the previously submitted ho...",8240,FDA-2015-D-3719-0097,unknown,personal_narrative,,,
guidance,minimal	manipulation,"...he TPG’s previous comments to the docket, including comments previously submitted related to minimal manipulation and homologous use. As part of its recent draft guidance document titled Homologous Use of Human C...",9273,FDA-2015-D-3719-0097,unknown,personal_narrative,,,
guidance,minimal	manipulation,"...ionic membrane that contain viable or non-viable cells. (7) How does the homologous use relate to minimal manipulation? As noted in the flow diagram below (Diagram A), the manufacturer’s objective intent (...",16513,FDA-2015-D-3719-0097,unknown,personal_narrative,,,
guidance,minimal	manipulation,"...mologous use of a HCT/P, which then delineates what appropriate processes may be considered minimal manipulation. Diagram A. From the Manufacturer’s Objective Intent to the Analysis, Characterization, and Asse...",17588,FDA-2015-D-3719-0097,unknown,personal_narrative,,,
guidance,minimal	manipulation,"...uct. (12) To ensure compliance with the FDA regulations related to homologous use and minimal manipulation, are there key practices that the TPG recommends all tissue processers perform? Yes. The AATB TPG r...",27195,FDA-2015-D-3719-0097,unknown,personal_narrative,,,
guidance,minimal	manipulation,...en/bme332ligamenttendon.htm Page 23 Appendix B: HCT/P Flow Diagrams Does the product meet the Minimal Manipulation criteria under 21 CFR 1271Does my product meet the definition of minimalmanipulation (21 CFR 1271.3...,73564,FDA-2015-D-3719-0097,unknown,personal_narrative,,,
guidance,minimal	manipulation,"...roduct regulated solely as a 361 HCT/P under 21 CFR 1271?Is the product minimally manipulated? (See Minimal Manipulation flow chart, page 1) Is the product intended for Homologous Use as reflected by labeling, promotion...",75840,FDA-2015-D-3719-0097,unknown,personal_narrative,,,
guidance,homologous	use,"...erest, the TPG previously submitted a document detailing what should be included in the draft homologous use guidance document prior to the FDA’s publication of its own guidance document. Building upon tha...",2862,FDA-2015-D-3719-0097,unknown,personal_narrative,,,
guidance,homologous	use,"...led “Appropriate Analysis, Characterization and Assessment to Ascertain Minimal Manipulation and Homologous Use of Human Cells, Tissues, and Cellular and Tissue-Based Products (HCT/Ps).” We developed this draft...",3189,FDA-2015-D-3719-0097,unknown,personal_narrative,,,
guidance,homologous	use,"...relationship of that analysis, characterization and assessment to minimal manipulation and homologous use for HCT/Ps. This guidance document recommendation expands upon the previously submitted homol...",3711,FDA-2015-D-3719-0097,unknown,personal_narrative,,,
guidance,homologous	use,"...s use for HCT/Ps. This guidance document recommendation expands upon the previously submitted homologous use guidance document recommendation by adding new, discrete concepts. Namely, as the title suggests,...",3820,FDA-2015-D-3719-0097,unknown,personal_narrative,,,
guidance,homologous	 use,"...gulatory concepts drawing a clear regulatory link between the manufacturer’s objective intent; the homologous use; the original, relevant characteristics; and the appropriate analysis, characterization, an...",4315,FDA-2015-D-3719-0097,unknown,personal_narrative,,,
guidance,homologous	 use,"...ppropriate Analysis, Characterization and Assessment to Ascertain Minimal Manipulation and Homologous Use of Human Cells, Tissues, and Cellular and Tissue-Based Products (HCT/Ps).”...",5209,FDA-2015-D-3719-0097,unknown,personal_narrative,,,
guidance,homologous	use,"...on Appropriate Analysis, Characterization and Assessment to Ascertain Minimal Manipulation and Homologous Use of Human Cells, Tissues, and Cellular and Tissue-Based Products (HCT/Ps) All requests and...",5730,FDA-2015-D-3719-0097,unknown,personal_narrative,,,
guidance,homologous	use,"...ructural tissue? 5 (6) What about endogenous cells in structural tissues? 5 (7) How does homologous use relate to minimal manipulation? 5 (8) What analysis, characterization or asssessment should a...",6865,FDA-2015-D-3719-0097,unknown,personal_narrative,,,
guidance,homologous	use,"...e be subsequent processing steps? (12) To ensure compliance with FDA regulations related to homologous use and minimal manipulation, are there key practices that the TRG recommends all tissue processers...",7463,FDA-2015-D-3719-0097,unknown,personal_narrative,,,
guidance,homologous	use,"...and the relationship of that analysis, characterization and assessment to minimal manipulation and homologous use of HCT/Ps. This guidance document expands upon the previously submitted homologous use guid...",8265,FDA-2015-D-3719-0097,unknown,personal_narrative,,,
guidance,homologous	 use,"...on and homologous use of HCT/Ps. This guidance document expands upon the previously submitted homologous use guidance document recommendation by adding new, discrete concepts. Namely, as the title suggests...",8358,FDA-2015-D-3719-0097,unknown,personal_narrative,,,
guidance,homologous	 use,"...oncepts drawing a clear regulatory link between the manufacturer’s objective intent; the homologous use; the original, relevant characteristics; and the appropriate analysis, characterization, and...",8850,FDA-2015-D-3719-0097,unknown,personal_narrative,,,
guidance,homologous	use,"...ents to the docket, including comments previously submitted related to minimal manipulation and homologous use. As part of its recent draft guidance document titled Homologous Use of Human Cells, Tissues, and...",9298,FDA-2015-D-3719-0097,unknown,personal_narrative,,,
guidance,homologous	use,"...d to minimal manipulation and homologous use. As part of its recent draft guidance document titled Homologous Use of Human Cells, Tissues, and Cellular and Tissue-Based Products: Draft Guidance for Industry and F...",9368,FDA-2015-D-3719-0097,unknown,personal_narrative,,,
guidance,homologous	use,"...ular and Tissue-Based Products: Draft Guidance for Industry and FDA Staff, the FDA noted that “[a] homologous use for a cellular or nonstructural tissue would generally be a metabolic or biochemical function in th...",9516,FDA-2015-D-3719-0097,unknown,personal_narrative,,,
guidance,homologous	use,"...mune, and endocrine functions”.1 In general, while there may be tissue products which present such homologous uses, for allograft HCT/Ps, it is difficult to retain the 361 HCT/P designation due to the fourth key “...",9769,FDA-2015-D-3719-0097,unknown,personal_narrative,,,
guidance,homologous	use,"...mary function”). Especially for allograft products containing only cells, given the aforementioned homologous uses, it is difficult to delinate cellular only tissue products which would not be dependent upon...",10129,FDA-2015-D-3719-0097,unknown,personal_narrative,,,
guidance,homologous	use,"...e, skin for burns and amnionic membrane that contain viable or non-viable cells. (7) How does the homologous use relate to minimal manipulation? As noted in the flow diagram below (Diagram A), the manuf...",16488,FDA-2015-D-3719-0097,unknown,personal_narrative,,,
guidance,homologous	 use,...manufacturer’s objective intent (including the associated claims) delineate the particular homologous uses of the HCT/P. Those homologous uses describe the basic function or functions relevant to s...,16696,FDA-2015-D-3719-0097,unknown,personal_narrative,,,
guidance,homologous	 use,...ng the associated claims) delineate the particular homologous uses of the HCT/P. Those homologous uses describe the basic function or functions relevant to such HCT/P. To ascertain whether a HCT/P is...,16740,FDA-2015-D-3719-0097,unknown,personal_narrative,,,
guidance,homologous	 use,"...tions.gov/document?D=FDA-2013-D-0350-0038 Page 6 manufacturer’s objective intent defines the homologous use of a HCT/P, which then delineates what appropriate processes may be considered minimal manip...",17486,FDA-2015-D-3719-0097,unknown,personal_narrative,,,
guidance,homologous	 use,"...cover for for supplemental support, protection, reinforcement, or covering for a tendon (a homologous use, given that a basic function of dermis is to provide strength or elasticity). The ADM undergoe...",17959,FDA-2015-D-3719-0097,unknown,personal_narrative,,,
guidance,homologous	 use,"...– As part of its advertising, a processer notes that its ground ADM is used as a facial filler (a homologous use). The ADM undergoes reduction in size to ensure that the particulate size is appropr...",18597,FDA-2015-D-3719-0097,unknown,personal_narrative,,,
guidance,homologous	 use,...d minimally manipulated. • Example 1-C – The ADM is advertised as a tendon replacement (non-homologous use). The use is considered non-homologous because the required parameters for tendon repla...,19183,FDA-2015-D-3719-0097,unknown,personal_narrative,,,
guidance,homologous	use,"...ellularized adipose is “as a protective layer of tissue protection” as a dura patch. This is a non-homologous use because while adipose provides a mechanism of protection, this is significantly different fro...",20093,FDA-2015-D-3719-0097,unknown,personal_narrative,,,
guidance,homologous	use,"...tilage is used to fill or repair cartilage and osseous defects created due to injury or disease – a homologous use, given that a basic function of the graft is to facilitate healing of bone and Manufacturer's Obje...",20688,FDA-2015-D-3719-0097,unknown,personal_narrative,,,
guidance,homologous	use,"...a basic function of the graft is to facilitate healing of bone and Manufacturer's Objecmve Intent Homologous Uses Basic Funcmon or Funcmons Original, Relevant Characterismcs Minimal Manipulamon Analysis, Char...",20815,FDA-2015-D-3719-0097,unknown,personal_narrative,,,
guidance,homologous	use,"...er’s objective intent, a bone graft is used for anterior/posterior lumbar interbody fusion (homologous use), given that a basic function of bone is to act as a structural graft filling a bony void a...",21245,FDA-2015-D-3719-0097,unknown,personal_narrative,,,
guidance,homologous	use,"...ckage insert, demineralized bone matrix (DBM) is used in bony voids or gaps in the skeletal system (homologous use), given that a basic function of demineralized bone is to facilitate the healing of the bone b...",21961,FDA-2015-D-3719-0097,unknown,personal_narrative,,,
guidance,homologous	 use,"...ample 3-D – According to the manufacturer’s objective intent, DBM is used for cartilage repair (non-homologous use), given that the basic function of bone is to facilitate the healing of bone and sur...",22844,FDA-2015-D-3719-0097,unknown,personal_narrative,,,
guidance,homologous	 use,"...for reviewing the recommended analysis, characterization or assessment for the particular homologous uses identified by the manufacturer’s objective intent, not all of the potential homologous uses id...",24890,FDA-2015-D-3719-0097,unknown,personal_narrative,,,
guidance,homologous	use,"...r homologous uses identified by the manufacturer’s objective intent, not all of the potential homologous uses identified below. Finally, for some types of HCT/Ps that have a long-standing history o...",24987,FDA-2015-D-3719-0097,unknown,personal_narrative,,,
guidance,homologous	 use,"...tive of the final product. (12) To ensure compliance with the FDA regulations related to homologous use and minimal manipulation, are there key practices that the TPG recommends all tissue processers p...",27173,FDA-2015-D-3719-0097,unknown,personal_narrative,,,
guidance,homologous	 use,"...cessers develop a regulatory pathway document to delineate the manufacturer’s objective intent, homologous use, original relevant characteristics, and required analysis, characterization or assessment (alo...",27437,FDA-2015-D-3719-0097,unknown,personal_narrative,,,
guidance,homologous	use,"...sponsible for reviewing the recommended analysis, characterization or assessment for the particular homologous uses identified by the manufacturer’s objective intent, not all of the potential homologous uses identi...",29866,FDA-2015-D-3719-0097,unknown,personal_narrative,,,
guidance,homologous	use,"...ticular homologous uses identified by the manufacturer’s objective intent, not all of the potential homologous uses identified below. For some types of HCT/Ps that have a long-standing history of clinic...",29958,FDA-2015-D-3719-0097,unknown,personal_narrative,,,
guidance,homologous	use,"...ost appropriate in these situations. Finally, for the references related to the basic function and homologous use, please refer to the AATB TPG’s Guidance Document Recommendation: Homologous Use of Human C...",30472,FDA-2015-D-3719-0097,unknown,personal_narrative,,,
guidance,homologous	 use,"...function and homologous use, please refer to the AATB TPG’s Guidance Document Recommendation: Homologous Use of Human Cells, Tissues, and Cellular and Tissue-Based Products (October 2015). The chart b...",30558,FDA-2015-D-3719-0097,unknown,personal_narrative,,,
guidance,homologous use,"...tion not already included in that previous guidance recommendation. Tissue Category Basic Function Homologous Use Original, relevant characteristics (Structural) Relevant characteristics of the cells or tissues (N...",30822,FDA-2015-D-3719-0097,unknown,personal_narrative,,,
guidance,homologous use,".... J Physiol Endocrinol Metab., 2013 Dec; 305(12):E1427-35. Page 11 Tissue Category Basic Function Homologous Use Original, relevant characteristics (Structural) Relevant characteristics of the cells or tissues (N...",32378,FDA-2015-D-3719-0097,unknown,personal_narrative,,,
guidance,homologous use,"...E., ed. Adipose Tissue Biology. New York: Springer, 2012. Page 12 Tissue Category Basic Function Homologous Use Original, relevant characteristics (Structural) Relevant characteristics of the cells or tissues (N...",36314,FDA-2015-D-3719-0097,unknown,personal_narrative,,,
guidance,homologous use,"...tions. Singh R1, Gupta P, Kumar P, Kumar A, Chacharkar MP. Page 13 Tissue Category Basic Function Homologous Use Original, relevant characteristics (Structural) Relevant characteristics of the cells or tissues (N...",40417,FDA-2015-D-3719-0097,unknown,personal_narrative,,,
guidance,homologous use,"...apeutic potential for soft tissue repair and regeneration. Page 14 Tissue Category Basic Function Homologous Use Original, relevant characteristics (Structural) Relevant characteristics of the cells or tissues (N...",44875,FDA-2015-D-3719-0097,unknown,personal_narrative,,,
guidance,homologous use,"...ondral allografts. J Bone Joint Surg Am,85(11), 2111-2120. Page 15 Tissue Category Basic Function Homologous Use Original, relevant characteristics (Structural) Relevant characteristics of the cells or tissues (N...",48719,FDA-2015-D-3719-0097,unknown,personal_narrative,,,
guidance,homologous use,"...ok, Second Edition, Stephen C. Cowin, ed., CRC Press 2001. Page 16 Tissue Category Basic Function Homologous Use Original, relevant characteristics (Structural) Relevant characteristics of the cells or tissues (N...",50622,FDA-2015-D-3719-0097,unknown,personal_narrative,,,
guidance,homologous use,"...ok, Second Edition, Stephen C. Cowin, ed., CRC Press 2001 Page 17 Tissue Category Basic Function Homologous Use Original, relevant characteristics (Structural) Relevant characteristics of the cells or tissues (N...",54618,FDA-2015-D-3719-0097,unknown,personal_narrative,,,
guidance,homologous use,"...opic study. Forensic science international, 193(1), 72-78. Page 18 Tissue Category Basic Function Homologous Use Original, relevant characteristics (Structural) Relevant characteristics of the cells or tissues (N...",58638,FDA-2015-D-3719-0097,unknown,personal_narrative,,,
guidance,homologous use,"...Int Wound J. 2005 Jun; 2(2):161-5. PubMed PMID: 16722865. Page 19 Tissue Category Basic Function Homologous Use Original, relevant characteristics (Structural) Relevant characteristics of the cells or tissues (N...",61463,FDA-2015-D-3719-0097,unknown,personal_narrative,,,
guidance,homologous use,"...ober 2015. http://dx.doi.org/10.1016/j.jmbbrn.2014.10.011 Page 20 Tissue Category Basic Function Homologous Use Original, relevant characteristics (Structural) Relevant characteristics of the cells or tissues (N...",65347,FDA-2015-D-3719-0097,unknown,personal_narrative,,,
guidance,homologous use,"...extra-cellular matrix composition. Biorheology 46:227–237. Page 21 Tissue Category Basic Function Homologous Use Original, relevant characteristics (Structural) Relevant characteristics of the cells or tissues (N...",68492,FDA-2015-D-3719-0097,unknown,personal_narrative,,,
guidance,homologous use,"...ers/biology-of-the-skin/structure-and-function-of-the-skin Page 22 Tissue Category Basic Function Homologous Use Original, relevant characteristics (Structural) Relevant characteristics of the cells or tissues (N...",72366,FDA-2015-D-3719-0097,unknown,personal_narrative,,,
guidance,homologous	use,...sThe product is minimally manipulated No No Page 1 Page 24 Does my product meet the definition of homologous use(21 CFR 12.71 3(c))? Is the product used in a repair of the recipient's cells or tissues and perform...,74185,FDA-2015-D-3719-0097,unknown,personal_narrative,,,
guidance,homologous	use,...e basic function or functions in the recipient as in the donor?NoThe product meets thedefinition of homologous use Yes The product does NOT meet the definition of homologous useNoYes YesYesIs the product used in a...,74726,FDA-2015-D-3719-0097,unknown,personal_narrative,,,
guidance,homologous	use,...oThe product meets thedefinition of homologous use Yes The product does NOT meet the definition of homologous useNoYes YesYesIs the product used in a reconstruction of the recipient's cells or tissues and performs...,74790,FDA-2015-D-3719-0097,unknown,personal_narrative,,,
guidance,homologous	use,...he same basic function or functions in the recipient as in the donor?No NoDoes the product meet the Homologous Use criteria under 21 CFR 1271 Page 2 Page 25 Does my productmeet the definition ofautologous use (2...,75006,FDA-2015-D-3719-0097,unknown,personal_narrative,,,
guidance,homologous	use,"...t minimally manipulated? (See Minimal Manipulation flow chart, page 1) Is the product intended for Homologous Use as reflected by labeling, promotion, or other indications of the manufacturer’s objective intent? (...",75910,FDA-2015-D-3719-0097,unknown,personal_narrative,,,
guidance,homologous	use,"...reflected by labeling, promotion, or other indications of the manufacturer’s objective intent? (See Homologous Use Flow Chart, page 2)Yes Is the product combined with a drug or a device, (except for a sterilizing,...",76028,FDA-2015-D-3719-0097,unknown,personal_narrative,,,
technical_term,,"...egulation of human cells, tissues, and cellular and tissue-based products (HCT/Ps). The AATB is a professional, non-profit, scientific and educa...",852,FDA-2015-D-3719-0097,unknown,personal_narrative,HCT/P,,
technical_term,,"...the FDA provide more certainty, not less, with regard to the regulation of HCT/Ps. By doing so, the AATB and the TPG believe that there will be further in...",2169,FDA-2015-D-3719-0097,unknown,personal_narrative,HCT/P,,
technical_term,,"...ogous Use of Human Cells, Tissues, and Cellular and Tissue-Based Products (HCT/Ps).” We developed this draft guidance document recommendation to provide t...",3269,FDA-2015-D-3719-0097,unknown,personal_narrative,HCT/P,,
technical_term,,"...of Human Cells, Tissues, and Cellular and Tissue-Based Products (HCT/Ps) and the relationship of that analysis, characterization and asses...",3594,FDA-2015-D-3719-0097,unknown,personal_narrative,HCT/P,,
technical_term,,...ization and assessment to minimal manipulation and homologous use for HCT/Ps. This guidance document recommendation expands upon the previously...,3730,FDA-2015-D-3719-0097,unknown,personal_narrative,HCT/P,,
technical_term,,"...k for the appropriate analysis, characterization and assessment of HCT/Ps based on the manufacturer’s objective intent. This document furth...",4091,FDA-2015-D-3719-0097,unknown,personal_narrative,HCT/P,,
technical_term,,"...n, and assessment. Finally, it also includes recommendations for HCT/P flow diagrams, given the need for additional clarity in this area. We h...",4499,FDA-2015-D-3719-0097,unknown,personal_narrative,HCT/P,,
technical_term,,...ions related to the four draft FDA guidance documents related to HCT/Ps. The AATB and the TPG stand ready and willing to assist the FDA with...,4739,FDA-2015-D-3719-0097,unknown,personal_narrative,HCT/P,,
technical_term,,"...ous Use of Human Cells, Tissues, and Cellular and Tissue-Based Products (HCT/Ps).”...",5291,FDA-2015-D-3719-0097,unknown,personal_narrative,HCT/P,,
technical_term,,"...gous Use of Human Cells, Tissues, and Cellular and Tissue-Based Products (HCT/Ps) All requests and comments should be addressed to: American Ass...",5811,FDA-2015-D-3719-0097,unknown,personal_narrative,HCT/P,,
technical_term,,...d Answers 4 A. Biocompatiblity 4 (1) Should all HCT/Ps undergo biocompatibility testing? 4 (2) When should a processer pe...,6238,FDA-2015-D-3719-0097,unknown,personal_narrative,HCT/P,,
technical_term,,...s? 4 (3) What is the relationship between the amount of manipulation of HCT/Ps and the need for biocompatibility testing? 5 (4) Are there...,6446,FDA-2015-D-3719-0097,unknown,personal_narrative,HCT/P,,
technical_term,,"...Analysis, Characterization and Assessment Table 10 V. Appendix B: HCT/P Flow Diagrams 23 Page 3 Introduction We, the American Associati...",7692,FDA-2015-D-3719-0097,unknown,personal_narrative,HCT/P,,
technical_term,,"...ssessment of Human Cells, Tissues, and Cellular and Tissue-Based Products (HCT/Ps) and the relationship of that analysis, characterization and assessment t...",8158,FDA-2015-D-3719-0097,unknown,personal_narrative,HCT/P,,
technical_term,,...racterization and assessment to minimal manipulation and homologous use of HCT/Ps. This guidance document expands upon the previously submitted homol...,8283,FDA-2015-D-3719-0097,unknown,personal_narrative,HCT/P,,
technical_term,,"...framework for the appropriate analysis, characterization and assessment of HCT/Ps based on the manufacturer’s objective intent. This document further deta...",8624,FDA-2015-D-3719-0097,unknown,personal_narrative,HCT/P,,
technical_term,,"...terization, and assessment. Finally, it also includes recommendations for HCT/P flow diagrams, given the need for additional clarity in this area. Backg...",9025,FDA-2015-D-3719-0097,unknown,personal_narrative,HCT/P,,
technical_term,,"...e may be tissue products which present such homologous uses, for allograft HCT/Ps, it is difficult to retain the 361 HCT/P designation due to the fourth ke...",9800,FDA-2015-D-3719-0097,unknown,personal_narrative,HCT/P,,
technical_term,,"...h homologous uses, for allograft HCT/Ps, it is difficult to retain the 361 HCT/P designation due to the fourth key “kick up” factor (namely, “[t]he HCT/P d...",9842,FDA-2015-D-3719-0097,unknown,personal_narrative,HCT/P,,
technical_term,,"...1 HCT/P designation due to the fourth key “kick up” factor (namely, “[t]he HCT/P does not have a systemic effect and is not dependent upon the metabolic ac...",9915,FDA-2015-D-3719-0097,unknown,personal_narrative,HCT/P,,
technical_term,,"...9751.pdf Page 4 Questions and Answers Biocompatibility (1) Should all HCT/Ps undergo biocompatibility testing? Currently, the FDA does not requir...",10644,FDA-2015-D-3719-0097,unknown,personal_narrative,HCT/P,,
technical_term,,"...ently, the FDA does not require biocompatibility testing for 361 HCT/Ps; the FDA does require biocompatibility testing for 351 HCT/Ps, consis...",10764,FDA-2015-D-3719-0097,unknown,personal_narrative,HCT/P,,
technical_term,,"...or 361 HCT/Ps; the FDA does require biocompatibility testing for 351 HCT/Ps, consistent with ISO 10993. However, given that ISO 10993 is for devices...",10830,FDA-2015-D-3719-0097,unknown,personal_narrative,HCT/P,,
technical_term,,"...ISO 10993. However, given that ISO 10993 is for devices, and not 361 HCT/Ps, there are some limitations to its application, including a bro...",10928,FDA-2015-D-3719-0097,unknown,personal_narrative,HCT/P,,
technical_term,,"...with metals and other materials which are not relevant to 361 HCT/Ps), lack of incorporation of innate variability in the starting material,...",11119,FDA-2015-D-3719-0097,unknown,personal_narrative,HCT/P,,
technical_term,,"...ompatibility tests outlined in ISO 10993 will be relevant to 361 HCT/Ps. A processer of a 361 HCT/P should perform a risk analysis, consistent w...",11475,FDA-2015-D-3719-0097,unknown,personal_narrative,HCT/P,,
technical_term,,"...in ISO 10993 will be relevant to 361 HCT/Ps. A processer of a 361 HCT/P should perform a risk analysis, consistent with ISO 10993-1:2009 or curren...",11505,FDA-2015-D-3719-0097,unknown,personal_narrative,HCT/P,,
technical_term,,"...analysis, consistent with ISO 10993-1:2009 or current version, for each HCT/P or HCT/P family, to ascertain what, if any, biocompatibility test...",11608,FDA-2015-D-3719-0097,unknown,personal_narrative,HCT/P,,
technical_term,,"...consistent with ISO 10993-1:2009 or current version, for each HCT/P or HCT/P family, to ascertain what, if any, biocompatibility testing may...",11618,FDA-2015-D-3719-0097,unknown,personal_narrative,HCT/P,,
technical_term,,"...ity testing may be appropriate. The risk analysis should focus on each HCT/P or HCT/P family, given that biocompatibility will relate to each HCT/P or...",11754,FDA-2015-D-3719-0097,unknown,personal_narrative,HCT/P,,
technical_term,,"...ing may be appropriate. The risk analysis should focus on each HCT/P or HCT/P family, given that biocompatibility will relate to each HCT/P or HCT/P fam...",11763,FDA-2015-D-3719-0097,unknown,personal_narrative,HCT/P,,
technical_term,,"...ach HCT/P or HCT/P family, given that biocompatibility will relate to each HCT/P or HCT/P family due to different processing steps, different material inco...",11825,FDA-2015-D-3719-0097,unknown,personal_narrative,HCT/P,,
technical_term,,"...or HCT/P family, given that biocompatibility will relate to each HCT/P or HCT/P family due to different processing steps, different material incorporation...",11834,FDA-2015-D-3719-0097,unknown,personal_narrative,HCT/P,,
technical_term,,"...some cases, location of implantation), etc. In addition, a processer of a HCT/P should ensure that material intended for use as containers or packaging fo...",12029,FDA-2015-D-3719-0097,unknown,personal_narrative,HCT/P,,
technical_term,,...hould ensure that material intended for use as containers or packaging for HCT/Ps be compliant with USP (U.S. Pharmacopoeia) Class VI testing requirements....,12111,FDA-2015-D-3719-0097,unknown,personal_narrative,HCT/P,,
technical_term,,...which of the available biocompatibility tests may be most relevant for the HCT/P or HCT/P family. To determine which biocompatibility tests would be most...,12570,FDA-2015-D-3719-0097,unknown,personal_narrative,HCT/P,,
technical_term,,"...the available biocompatibility tests may be most relevant for the HCT/P or HCT/P family. To determine which biocompatibility tests would be most relevant,...",12579,FDA-2015-D-3719-0097,unknown,personal_narrative,HCT/P,,
technical_term,,...on. Knowing the processing components that could or are encountered by the HCT/P and any existing information (publically available or internally developed...,12867,FDA-2015-D-3719-0097,unknown,personal_narrative,HCT/P,,
technical_term,,...3) What is the relationship between the amount of manipulation of HCT/Ps and the need for biocompatibility testing? An appropriate risk analys...,14442,FDA-2015-D-3719-0097,unknown,personal_narrative,HCT/P,,
technical_term,,"...y increase the need for biocompatibility testing. However, for some HCT/Ps, some manipulation, such as cell removal, may improve the biocompa...",14755,FDA-2015-D-3719-0097,unknown,personal_narrative,HCT/P,,
technical_term,,"...ducts, not all of the recommendations will be wholly relevant to HCT/Ps. For instance, for HCT/Ps, sensitization tests generally involv...",15608,FDA-2015-D-3719-0097,unknown,personal_narrative,HCT/P,,
technical_term,,"...mendations will be wholly relevant to HCT/Ps. For instance, for HCT/Ps, sensitization tests generally involve the use of animal models....",15640,FDA-2015-D-3719-0097,unknown,personal_narrative,HCT/P,,
technical_term,,...associated claims) delineate the particular homologous uses of the HCT/P. Those homologous uses describe the basic function or functions relev...,16723,FDA-2015-D-3719-0097,unknown,personal_narrative,HCT/P,,
technical_term,,"...homologous uses describe the basic function or functions relevant to such HCT/P. To ascertain whether a HCT/P is minimally manipulated, the processer...",16815,FDA-2015-D-3719-0097,unknown,personal_narrative,HCT/P,,
technical_term,,"...asic function or functions relevant to such HCT/P. To ascertain whether a HCT/P is minimally manipulated, the processer must ensure that the proces...",16846,FDA-2015-D-3719-0097,unknown,personal_narrative,HCT/P,,
technical_term,,"...haracterics that support the basic function or functions of such HCT/P. To ascertain whether those original, relevant characteristics...",17055,FDA-2015-D-3719-0097,unknown,personal_narrative,HCT/P,,
technical_term,,"...6 manufacturer’s objective intent defines the homologous use of a HCT/P, which then delineates what appropriate processes may be considered mi...",17510,FDA-2015-D-3719-0097,unknown,personal_narrative,HCT/P,,
technical_term,,"...otential homologous uses identified below. Finally, for some types of HCT/Ps that have a long-standing history of clinical use (e.g., bone an...",25053,FDA-2015-D-3719-0097,unknown,personal_narrative,HCT/P,,
technical_term,,"...ost of products, not all of the recommendations will be wholly relevant to HCT/Ps. For instance, for HCT/Ps, degradation is generally not a key considerat...",26648,FDA-2015-D-3719-0097,unknown,personal_narrative,HCT/P,,
technical_term,,"...the recommendations will be wholly relevant to HCT/Ps. For instance, for HCT/Ps, degradation is generally not a key consideration, given that HCT/Ps do n...",26675,FDA-2015-D-3719-0097,unknown,personal_narrative,HCT/P,,
technical_term,,"..., for HCT/Ps, degradation is generally not a key consideration, given that HCT/Ps do not degrade like synthetics. (11) What is the required timing of the...",26744,FDA-2015-D-3719-0097,unknown,personal_narrative,HCT/P,,
technical_term,,"...of the potential homologous uses identified below. For some types of HCT/Ps that have a long-standing history of clinical use (e.g., bone...",30015,FDA-2015-D-3719-0097,unknown,personal_narrative,HCT/P,,
technical_term,,...ch.edu/~bme332/ch10ligten/bme332ligamenttendon.htm Page 23 Appendix B: HCT/P Flow Diagrams Does the product meet the Minimal Manipulation criteria un...,73516,FDA-2015-D-3719-0097,unknown,personal_narrative,HCT/P,,
technical_term,,...under 21 CFR 1271 Page 3 Page 26 Is my product regulated solely as a 361 HCT/P under 21 CFR 1271?Is the product minimally manipulated? (See Minimal Manip...,75773,FDA-2015-D-3719-0097,unknown,personal_narrative,HCT/P,,
technical_term,,"...us Use flow chart, page 3) No The product is NOT regulated solely as a 361 HCT/P under 21 CFR 1271No Yes The product is regulated solely as a 361 HCT/P und...",76624,FDA-2015-D-3719-0097,unknown,personal_narrative,HCT/P,,
technical_term,,...361 HCT/P under 21 CFR 1271No Yes The product is regulated solely as a 361 HCT/P under 21 CFR 1271Does the product meet the criteria to be regulated solely...,76695,FDA-2015-D-3719-0097,unknown,personal_narrative,HCT/P,,
technical_term,,...CFR 1271Does the product meet the criteria to be regulated solely as a 361 HCT/P under 21 CFR 1271 Page 4YesNoNo YesNoYesNo,76785,FDA-2015-D-3719-0097,unknown,personal_narrative,HCT/P,,
technical_term,,"...echanics Handbook, Second Edition, Stephen C. Cowin, ed., CRC Press 2001 74Blanton, Density of Fresh and Embalmed Human Compact and Cancellous Bone, Am....",53765,FDA-2015-D-3719-0097,unknown,personal_narrative,BLA,,
technical_term,,"...nance of normal bone matrix osteogenic cells, osteoprogenitor cells, osteoblasts, bone progenitor cells, etc.)79,80,81,82,83,84,85 available test kits)...",54916,FDA-2015-D-3719-0097,unknown,personal_narrative,BLA,,
technical_term,,"...84Malaval, L., et al., Kinetics of osteoprogenitor proliferation and osteoblast differentiation in vitro. J Cell Biochem, 1999. 74(4): p. 616-27 85Claro...",57118,FDA-2015-D-3719-0097,unknown,personal_narrative,BLA,,
technical_term,,...mercially available test kits) Dermis Provides strength and elasticity • Bladder sling • Breast reconstruction • Tissue expander to allow for enhanced...,58973,FDA-2015-D-3719-0097,unknown,personal_narrative,BLA,,
technical_term,,"...nd its membership totals more than 125 accredited tissue banks and 650 individual members. These banks recover tissue from more than 30,000 donors a...",1116,FDA-2015-D-3719-0097,unknown,personal_narrative,IND,,
technical_term,,...nts.1 1 See Guidance for Industry: Compliance with 21 CFR Part 1271.150(c)(1) – Manufacturing Arrangeme...,2532,FDA-2015-D-3719-0097,unknown,personal_narrative,IND,,
technical_term,,...ven the need for additional clarity in this area. We hope that you will find this guidance document recommendation useful in your deliberations related...,4598,FDA-2015-D-3719-0097,unknown,personal_narrative,IND,,
technical_term,,"...ells, Tissues, and Cellular and Tissue-Based Products: Draft Guidance for Industry and FDA Staff, the FDA noted that “[a] homologous use for a cellular...",9468,FDA-2015-D-3719-0097,unknown,personal_narrative,IND,,
technical_term,,"...recently released a final guidance document titled “Guidance for Industry on Use of International Standard ISO 10993 1, Biological evaluatio...",15133,FDA-2015-D-3719-0097,unknown,personal_narrative,IND,,
technical_term,,"...ralized bone is to facilitate the healing of the bone by having osteinductive potential, and by being osteoconductive, allowing revasculariza...",22090,FDA-2015-D-3719-0097,unknown,personal_narrative,IND,,
technical_term,,...n in and around the bone graft microstructure. Processing steps include grinding and soaking the resultant bone in acid. To confirm the retention of th...,22278,FDA-2015-D-3719-0097,unknown,personal_narrative,IND,,
technical_term,,"...osphatase or bone morphogenetic protein or BMP assays) to measure osteoinductive potential, and such results are within appropriate parameters...",22600,FDA-2015-D-3719-0097,unknown,personal_narrative,IND,,
technical_term,,"...FDA recently released a final guidance document titled “Guidance for Industry on Use of International Standard ISO 10993 1, Biological eval...",26214,FDA-2015-D-3719-0097,unknown,personal_narrative,IND,,
technical_term,,...7 Extracellular matrix8 • Confined compression (ASTM F2267-04(2011)) • Indentation testing (ASTM D2240) • Relevant matrix protein characterization te...,31218,FDA-2015-D-3719-0097,unknown,personal_narrative,IND,,
technical_term,,"...try/Viscometry (ASTM D2196, D2364) • Volume retention in an animal model • Indentation testing (ASTM D2240) • Relevant matrix protein characterization te...",32941,FDA-2015-D-3719-0097,unknown,personal_narrative,IND,,
technical_term,,...inoglycan content58 • Confined compression testing (ASTM F2267-04(2011)) • Indentation testing (ASTM D2240) • GAG and HA quantification biochemical assa...,45868,FDA-2015-D-3719-0097,unknown,personal_narrative,IND,,
technical_term,,"...pplications (with DBM) • DBM use in sports medicine Mineral content62 Osteoinductive potential Growth factor content (e.g., BMP-2, -4, -7, TGF-beta, etc...",51018,FDA-2015-D-3719-0097,unknown,personal_narrative,IND,,
technical_term,,"..., Bone Morphogenetic Protein 2 ( BMP-2 ) Levels are Predictive of the Osteoinductive Potential of Demineralized Bone Matrix Poster No . 485 • 56th Annual...",52476,FDA-2015-D-3719-0097,unknown,personal_narrative,IND,,
technical_term,,"...esearch Society. 65Han, Quantitative and sensitive in vitro assay for osteoinductive activity of demineralized bone matrix, J Orthop res, 21: 648-654, 20...",52658,FDA-2015-D-3719-0097,unknown,personal_narrative,IND,,
technical_term,,"...uct, JBJS, 92: 427-435, 2010. 68Katz, Demineralized bone matrix as an osteoinductive biomaterial and in vitro predictors of its biological potential. JBM...",53069,FDA-2015-D-3719-0097,unknown,personal_narrative,IND,,
technical_term,,"...tors of its biological potential. JBMR 89: 127-134, 2009. 69Peterson, Osteoinductivity of commercially available demineralized bone matrix, JBJS, 86: 224...",53185,FDA-2015-D-3719-0097,unknown,personal_narrative,IND,,
technical_term,,"...es in Vertebral Body Size, Density, and Biomechanical Competence in Normal Individuals, Bone, 11: 67-73, 1990. 77McCubbrey, Static and Fatigue Failure Pr...",54188,FDA-2015-D-3719-0097,unknown,personal_narrative,IND,,
technical_term,,"...nal spacer • Tympanoplasty • Rhinoplasty Yield strength, flexibility86 • Indentation testing (ASTM D2240) • Flexural/bending testing87 (examples listed...",55359,FDA-2015-D-3719-0097,unknown,personal_narrative,IND,,
technical_term,,"...es such as nose, ear, trachea and nipple) Yield strength, flexibility88 • Indentation testing (ASTM D2240) • Flexural/bending testing (examples listed w...",55614,FDA-2015-D-3719-0097,unknown,personal_narrative,IND,,
technical_term,,"...J Cell Biochem, 1999. 74(4): p. 616-27 85Claros, S., et al., Selection and induction of rat skeletal muscle-derived cells to the chondro-osteogenic linea...",57225,FDA-2015-D-3719-0097,unknown,personal_narrative,IND,,
technical_term,,...ndon and rotator cuff repair • Provides a filler for congenital and trauma-induced defects • Dental procedures • Provides a flap for guided tissue regene...,59261,FDA-2015-D-3719-0097,unknown,personal_narrative,IND,,
technical_term,,"...characterization or biochemical assay (commercially available test kits) • Indentation testing (ASTM D2240) • Cell viability assay (LDH, ATP assay)(comme...",69187,FDA-2015-D-3719-0097,unknown,personal_narrative,IND,,
technical_term,,...ofautologous use (21CFR 1271.3(a))? Is the product implantedback into the individual from whom the cells or tissue were recovered? Is the product Infuse...,75176,FDA-2015-D-3719-0097,unknown,personal_narrative,IND,,
technical_term,,...om the cells or tissue were recovered? Is the product Infusedback into the Individual from whomthe cells or tissue were recovered? Is the product transfe...,75269,FDA-2015-D-3719-0097,unknown,personal_narrative,IND,,
technical_term,,...he cells or tissue were recovered? Is the product transferredback into the individual from whom the cells or tissue wererecovered?NoThe product meets the...,75365,FDA-2015-D-3719-0097,unknown,personal_narrative,IND,,
technical_term,,...tion of autologous useNoYes YesYesIs the product transplantedback into the individual from whomthe cells or tissue were recovered?No NoDoes the product m...,75588,FDA-2015-D-3719-0097,unknown,personal_narrative,IND,,
technical_term,,"...intended for Homologous Use as reflected by labeling, promotion, or other indications of the manufacturer’s objective intent? (See Homologous Use Flow C...",75971,FDA-2015-D-3719-0097,unknown,personal_narrative,IND,,
guidance,draft guidance ,"...such as in tissues with a sizable normal adipose constituency. I also agree with the example in the draft guidance of SVF as a more than minimally manipulated product. There is in addition common, risky non-homologo...",1101,FDA-2015-D-3719-0031,unknown,personal_narrative,,,
guidance,homologous use,"...uidance of SVF as a more than minimally manipulated product. There is in addition common, risky non-homologous use of bone marrow, blood or placental/amniotic cells amongst hundreds of American clinics from coast t...",1208,FDA-2015-D-3719-0031,unknown,personal_narrative,,,
technical_term,,...iting to comment in support of your 4 recent draft guidances pertaining to HCT/Ps and in particular as they relate to investigational cell and specifically...,99,FDA-2015-D-3719-0031,unknown,personal_narrative,HCT/P,,
technical_term,,"...rgely operating without FDA approval or licensing of products via INDs and BLAs, is putting patients at great risk and it also jeopardizes the FDA&#39;s...",1745,FDA-2015-D-3719-0031,unknown,personal_narrative,BLA,,
technical_term,,...American clinics from coast to coast. <br/><br/>As the US stem cell clinic industry continues to grow (I would predict there are more than 600 clinics se...,1368,FDA-2015-D-3719-0031,unknown,personal_narrative,IND,,
technical_term,,...ulatory oversight activity. To date we haven&#39;t seen that. <br/><br/>An industry this size largely operating without FDA approval or licensing of prod...,1649,FDA-2015-D-3719-0031,unknown,personal_narrative,IND,,
technical_term,,"...s size largely operating without FDA approval or licensing of products via INDs and BLAs, is putting patients at great risk and it also jeopardizes the F...",1736,FDA-2015-D-3719-0031,unknown,personal_narrative,IND,,
technical_term,,"...; stem cells available to them and these can be very emotional and moving kinds of statements, the status quo of hundreds of clinics selling a hodge-podg...",2267,FDA-2015-D-3719-0031,unknown,personal_narrative,IND,,
technical_term,,...ed unapproved stem cell interventions from clinics including a number of blinded patients and other adverse events have also occurred but are not yet in...,2720,FDA-2015-D-3719-0031,unknown,personal_narrative,IND,,
technical_term,,...t draft guidances pertaining to HCT/Ps and in particular as they relate to investigational cell and specifically stem cell therapies. I urge you to finalize these dr...,142,FDA-2015-D-3719-0031,unknown,personal_narrative,investigational,,
technical_term,,"...statements, the status quo of hundreds of clinics selling a hodge-podge of investigational stem cells to patients outside of the traditional clinical trial process i...",2350,FDA-2015-D-3719-0031,unknown,personal_narrative,investigational,,
technical_term,,"...f harm.<br/><br/>For instance, in recent weeks we have heard about serious adverse events in patients who received unapproved stem cell interventions from clinics...",2608,FDA-2015-D-3719-0031,unknown,personal_narrative,adverse event,,
technical_term,,"...nterventions from clinics including a number of blinded patients and other adverse events have also occurred but are not yet in the public domain, making it all th...",2745,FDA-2015-D-3719-0031,unknown,personal_narrative,adverse event,,
technical_term,,...podge of investigational stem cells to patients outside of the traditional clinical trial process is not benefiting the patients in any proven way and is instead pu...,2416,FDA-2015-D-3719-0031,unknown,personal_narrative,clinical trial,,
guidance,guidance ,...Products; Rescheduling of Public Hearing; Request for Comments<br/><br/>1. Withdraw the four HCT/P guidance documents<br/>2. Get out of the business of regulating a person&#39;s use of his own body parts<br/>...,234,FDA-2015-D-3719-0070,unknown,technical_document,,,
technical_term,,...ling of Public Hearing; Request for Comments<br/><br/>1. Withdraw the four HCT/P guidance documents<br/>2. Get out of the business of regulating a person&#...,228,FDA-2015-D-3719-0070,unknown,technical_document,HCT/P,,
guidance,guidance ,Withdraw the four HCT/P guidance documents.<br/>Get out of the business of regulating a person&#39;s use of his own body parts.<br/>C...,24,FDA-2015-D-3719-0077,unknown,technical_document,,,
technical_term,,Withdraw the four HCT/P guidance documents.<br/>Get out of the business of regulating a person&#39...,18,FDA-2015-D-3719-0077,unknown,technical_document,HCT/P,,
guidance,guidance ,...e is old technology.<br/>Healing medicine is Modern Technology.<br/><br/>1. Withdraw the four HCT/P guidance documents<br/><br/>2. Get out of the business of regulating a person&#39;s use of his own body parts...,224,FDA-2015-D-3719-0075,unknown,personal_narrative,,,
technical_term,,....<br/>Healing medicine is Modern Technology.<br/><br/>1. Withdraw the four HCT/P guidance documents<br/><br/>2. Get out of the business of regulating a per...,218,FDA-2015-D-3719-0075,unknown,personal_narrative,HCT/P,,
technical_term,,I am not in favor of the HCT/P regulations. I believe that the responsible use of stem cell therapy that...,25,FDA-2015-D-3719-0105,unknown,technical_document,HCT/P,,
technical_term,,...ed to go to another country or pay out of pocket and go broke in order to find health. We have the right to choose!!,333,FDA-2015-D-3719-0052,unknown,personal_narrative,IND,,
